가입일자,사용자코드,연령대코드,성별,가입 수
'2018-01-01','회원-내국인','~10대','F',7
'2018-01-01','회원-내국인','~10대','M',9
'2018-01-01','회원-내국인','20대','F',58
'2018-01-01','회원-내국인','20대','M',81
'2018-01-01','회원-내국인','30대','F',32
'2018-01-01','회원-내국인','30대','M',46
'2018-01-01','회원-내국인','40대','F',19
'2018-01-01','회원-내국인','40대','M',26
'2018-01-01','회원-내국인','50대','F',9
'2018-01-01','회원-내국인','50대','M',8
'2018-01-01','회원-내국인','60대','F',3
'2018-01-01','회원-내국인','60대','M',4
'2018-01-02','회원-내국인','~10대','F',6
'2018-01-02','회원-내국인','~10대','M',6
'2018-01-02','회원-내국인','20대','F',39
'2018-01-02','회원-내국인','20대','M',74
'2018-01-02','회원-내국인','30대','F',15
'2018-01-02','회원-내국인','30대','M',37
'2018-01-02','회원-내국인','40대','F',12
'2018-01-02','회원-내국인','40대','M',32
'2018-01-02','회원-내국인','50대','F',6
'2018-01-02','회원-내국인','50대','M',13
'2018-01-02','회원-내국인','60대','M',5
'2018-01-02','회원-내국인','70대~','F',1
'2018-01-03','회원-내국인','~10대','F',2
'2018-01-03','회원-내국인','~10대','M',3
'2018-01-03','회원-내국인','20대','F',34
'2018-01-03','회원-내국인','20대','M',35
'2018-01-03','회원-내국인','30대','F',20
'2018-01-03','회원-내국인','30대','M',24
'2018-01-03','회원-내국인','40대','F',17
'2018-01-03','회원-내국인','40대','M',40
'2018-01-03','회원-내국인','50대','F',8
'2018-01-03','회원-내국인','50대','M',18
'2018-01-03','회원-내국인','60대','M',3
'2018-01-03','회원-내국인','70대~','M',1
'2018-01-04','회원-내국인','~10대','F',3
'2018-01-04','회원-내국인','~10대','M',5
'2018-01-04','회원-내국인','20대','F',32
'2018-01-04','회원-내국인','20대','M',41
'2018-01-04','회원-내국인','30대','F',14
'2018-01-04','회원-내국인','30대','M',19
'2018-01-04','회원-내국인','40대','F',5
'2018-01-04','회원-내국인','40대','M',28
'2018-01-04','회원-내국인','50대','F',5
'2018-01-04','회원-내국인','50대','M',12
'2018-01-04','회원-내국인','60대','F',1
'2018-01-04','회원-내국인','60대','M',4
'2018-01-05','회원-내국인','~10대','F',11
'2018-01-05','회원-내국인','~10대','M',3
'2018-01-05','회원-내국인','20대','F',35
'2018-01-05','회원-내국인','20대','M',43
'2018-01-05','회원-내국인','30대','F',23
'2018-01-05','회원-내국인','30대','M',22
'2018-01-05','회원-내국인','40대','F',12
'2018-01-05','회원-내국인','40대','M',16
'2018-01-05','회원-내국인','50대','F',3
'2018-01-05','회원-내국인','50대','M',8
'2018-01-05','회원-내국인','60대','F',1
'2018-01-05','회원-내국인','60대','M',6
'2018-01-06','회원-내국인','~10대','F',5
'2018-01-06','회원-내국인','~10대','M',7
'2018-01-06','회원-내국인','20대','F',34
'2018-01-06','회원-내국인','20대','M',43
'2018-01-06','회원-내국인','30대','F',22
'2018-01-06','회원-내국인','30대','M',36
'2018-01-06','회원-내국인','40대','F',9
'2018-01-06','회원-내국인','40대','M',15
'2018-01-06','회원-내국인','50대','F',3
'2018-01-06','회원-내국인','50대','M',9
'2018-01-06','회원-내국인','60대','F',2
'2018-01-06','회원-내국인','60대','M',5
'2018-01-06','회원-내국인','70대~','F',1
'2018-01-06','회원-내국인','70대~','M',1
'2018-01-07','회원-내국인','~10대','F',4
'2018-01-07','회원-내국인','~10대','M',6
'2018-01-07','회원-내국인','20대','F',72
'2018-01-07','회원-내국인','20대','M',69
'2018-01-07','회원-내국인','30대','F',16
'2018-01-07','회원-내국인','30대','M',33
'2018-01-07','회원-내국인','40대','F',11
'2018-01-07','회원-내국인','40대','M',16
'2018-01-07','회원-내국인','50대','F',6
'2018-01-07','회원-내국인','50대','M',14
'2018-01-07','회원-내국인','60대','F',1
'2018-01-07','회원-내국인','60대','M',3
'2018-01-07','회원-내국인','70대~','F',1
'2018-01-07','회원-내국인','70대~','M',1
'2018-01-08','회원-내국인','~10대','F',3
'2018-01-08','회원-내국인','~10대','M',6
'2018-01-08','회원-내국인','20대','F',32
'2018-01-08','회원-내국인','20대','M',41
'2018-01-08','회원-내국인','30대','F',21
'2018-01-08','회원-내국인','30대','M',32
'2018-01-08','회원-내국인','40대','F',10
'2018-01-08','회원-내국인','40대','M',21
'2018-01-08','회원-내국인','50대','F',2
'2018-01-08','회원-내국인','50대','M',10
'2018-01-08','회원-내국인','60대','F',1
'2018-01-08','회원-내국인','60대','M',5
'2018-01-08','회원-내국인','70대~','F',2
'2018-01-09','회원-내국인','~10대','F',3
'2018-01-09','회원-내국인','~10대','M',6
'2018-01-09','회원-내국인','20대','F',35
'2018-01-09','회원-내국인','20대','M',40
'2018-01-09','회원-내국인','30대','F',14
'2018-01-09','회원-내국인','30대','M',13
'2018-01-09','회원-내국인','40대','F',3
'2018-01-09','회원-내국인','40대','M',15
'2018-01-09','회원-내국인','50대','F',6
'2018-01-09','회원-내국인','50대','M',10
'2018-01-09','회원-내국인','60대','M',2
'2018-01-10','회원-내국인','~10대','M',3
'2018-01-10','회원-내국인','20대','F',24
'2018-01-10','회원-내국인','20대','M',21
'2018-01-10','회원-내국인','30대','F',3
'2018-01-10','회원-내국인','30대','M',16
'2018-01-10','회원-내국인','40대','F',5
'2018-01-10','회원-내국인','40대','M',14
'2018-01-10','회원-내국인','50대','F',2
'2018-01-10','회원-내국인','50대','M',3
'2018-01-10','회원-내국인','60대','M',1
'2018-01-10','회원-내국인','70대~','M',1
'2018-01-11','회원-내국인','~10대','F',1
'2018-01-11','회원-내국인','20대','F',13
'2018-01-11','회원-내국인','20대','M',28
'2018-01-11','회원-내국인','30대','F',6
'2018-01-11','회원-내국인','30대','M',8
'2018-01-11','회원-내국인','40대','F',2
'2018-01-11','회원-내국인','40대','M',9
'2018-01-11','회원-내국인','50대','F',1
'2018-01-11','회원-내국인','50대','M',4
'2018-01-11','회원-내국인','60대','F',1
'2018-01-11','회원-내국인','60대','M',1
'2018-01-11','회원-내국인','70대~','M',2
'2018-01-12','회원-내국인','20대','F',14
'2018-01-12','회원-내국인','20대','M',20
'2018-01-12','회원-내국인','30대','F',3
'2018-01-12','회원-내국인','30대','M',10
'2018-01-12','회원-내국인','40대','F',3
'2018-01-12','회원-내국인','40대','M',17
'2018-01-12','회원-내국인','50대','F',2
'2018-01-12','회원-내국인','50대','M',6
'2018-01-12','회원-내국인','60대','F',1
'2018-01-12','회원-내국인','60대','M',3
'2018-01-13','회원-내국인','~10대','F',2
'2018-01-13','회원-내국인','~10대','M',6
'2018-01-13','회원-내국인','20대','F',20
'2018-01-13','회원-내국인','20대','M',18
'2018-01-13','회원-내국인','30대','F',7
'2018-01-13','회원-내국인','30대','M',16
'2018-01-13','회원-내국인','40대','F',4
'2018-01-13','회원-내국인','40대','M',7
'2018-01-13','회원-내국인','50대','F',5
'2018-01-13','회원-내국인','50대','M',2
'2018-01-13','회원-내국인','60대','M',2
'2018-01-14','회원-내국인','~10대','F',6
'2018-01-14','회원-내국인','~10대','M',4
'2018-01-14','회원-내국인','20대','F',51
'2018-01-14','회원-내국인','20대','M',66
'2018-01-14','회원-내국인','30대','F',29
'2018-01-14','회원-내국인','30대','M',34
'2018-01-14','회원-내국인','40대','F',11
'2018-01-14','회원-내국인','40대','M',13
'2018-01-14','회원-내국인','50대','F',7
'2018-01-14','회원-내국인','50대','M',10
'2018-01-14','회원-내국인','60대','F',1
'2018-01-14','회원-내국인','60대','M',2
'2018-01-14','회원-내국인','70대~','F',1
'2018-01-15','회원-내국인','~10대','F',6
'2018-01-15','회원-내국인','~10대','M',4
'2018-01-15','회원-내국인','20대','F',49
'2018-01-15','회원-내국인','20대','M',61
'2018-01-15','회원-내국인','30대','F',8
'2018-01-15','회원-내국인','30대','M',26
'2018-01-15','회원-내국인','40대','F',7
'2018-01-15','회원-내국인','40대','M',16
'2018-01-15','회원-내국인','50대','F',2
'2018-01-15','회원-내국인','50대','M',14
'2018-01-15','회원-내국인','60대','M',1
'2018-01-15','회원-내국인','70대~','F',1
'2018-01-16','회원-내국인','~10대','F',3
'2018-01-16','회원-내국인','~10대','M',11
'2018-01-16','회원-내국인','20대','F',47
'2018-01-16','회원-내국인','20대','M',40
'2018-01-16','회원-내국인','30대','F',19
'2018-01-16','회원-내국인','30대','M',38
'2018-01-16','회원-내국인','40대','F',5
'2018-01-16','회원-내국인','40대','M',19
'2018-01-16','회원-내국인','50대','F',9
'2018-01-16','회원-내국인','50대','M',9
'2018-01-16','회원-내국인','60대','F',1
'2018-01-16','회원-내국인','60대','M',1
'2018-01-17','회원-내국인','~10대','F',6
'2018-01-17','회원-내국인','~10대','M',6
'2018-01-17','회원-내국인','20대','F',53
'2018-01-17','회원-내국인','20대','M',59
'2018-01-17','회원-내국인','30대','F',10
'2018-01-17','회원-내국인','30대','M',25
'2018-01-17','회원-내국인','40대','F',7
'2018-01-17','회원-내국인','40대','M',26
'2018-01-17','회원-내국인','50대','F',3
'2018-01-17','회원-내국인','50대','M',7
'2018-01-17','회원-내국인','60대','M',2
'2018-01-17','회원-내국인','70대~','M',1
'2018-01-18','회원-내국인','~10대','F',4
'2018-01-18','회원-내국인','~10대','M',5
'2018-01-18','회원-내국인','20대','F',37
'2018-01-18','회원-내국인','20대','M',51
'2018-01-18','회원-내국인','30대','F',8
'2018-01-18','회원-내국인','30대','M',21
'2018-01-18','회원-내국인','40대','F',11
'2018-01-18','회원-내국인','40대','M',22
'2018-01-18','회원-내국인','50대','F',7
'2018-01-18','회원-내국인','50대','M',10
'2018-01-18','회원-내국인','60대','M',2
'2018-01-18','회원-내국인','70대~','M',1
'2018-01-19','회원-내국인','~10대','F',7
'2018-01-19','회원-내국인','~10대','M',1
'2018-01-19','회원-내국인','20대','F',45
'2018-01-19','회원-내국인','20대','M',60
'2018-01-19','회원-내국인','30대','F',14
'2018-01-19','회원-내국인','30대','M',23
'2018-01-19','회원-내국인','40대','F',13
'2018-01-19','회원-내국인','40대','M',24
'2018-01-19','회원-내국인','50대','F',3
'2018-01-19','회원-내국인','50대','M',6
'2018-01-19','회원-내국인','60대','F',1
'2018-01-19','회원-내국인','60대','M',4
'2018-01-20','회원-내국인','~10대','F',5
'2018-01-20','회원-내국인','~10대','M',4
'2018-01-20','회원-내국인','20대','F',62
'2018-01-20','회원-내국인','20대','M',65
'2018-01-20','회원-내국인','30대','F',25
'2018-01-20','회원-내국인','30대','M',31
'2018-01-20','회원-내국인','40대','F',16
'2018-01-20','회원-내국인','40대','M',19
'2018-01-20','회원-내국인','50대','F',6
'2018-01-20','회원-내국인','50대','M',11
'2018-01-20','회원-내국인','60대','F',4
'2018-01-20','회원-내국인','60대','M',5
'2018-01-21','회원-내국인','~10대','F',9
'2018-01-21','회원-내국인','~10대','M',3
'2018-01-21','회원-내국인','20대','F',52
'2018-01-21','회원-내국인','20대','M',70
'2018-01-21','회원-내국인','30대','F',26
'2018-01-21','회원-내국인','30대','M',37
'2018-01-21','회원-내국인','40대','F',22
'2018-01-21','회원-내국인','40대','M',24
'2018-01-21','회원-내국인','50대','F',6
'2018-01-21','회원-내국인','50대','M',12
'2018-01-21','회원-내국인','60대','F',2
'2018-01-21','회원-내국인','60대','M',2
'2018-01-21','회원-내국인','70대~','M',1
'2018-01-22','회원-내국인','~10대','F',3
'2018-01-22','회원-내국인','~10대','M',1
'2018-01-22','회원-내국인','20대','F',33
'2018-01-22','회원-내국인','20대','M',28
'2018-01-22','회원-내국인','30대','F',19
'2018-01-22','회원-내국인','30대','M',24
'2018-01-22','회원-내국인','40대','F',7
'2018-01-22','회원-내국인','40대','M',16
'2018-01-22','회원-내국인','50대','F',4
'2018-01-22','회원-내국인','50대','M',8
'2018-01-22','회원-내국인','60대','M',3
'2018-01-23','회원-내국인','~10대','M',2
'2018-01-23','회원-내국인','20대','F',13
'2018-01-23','회원-내국인','20대','M',21
'2018-01-23','회원-내국인','30대','F',4
'2018-01-23','회원-내국인','30대','M',14
'2018-01-23','회원-내국인','40대','F',1
'2018-01-23','회원-내국인','40대','M',8
'2018-01-23','회원-내국인','50대','F',2
'2018-01-23','회원-내국인','50대','M',2
'2018-01-23','회원-내국인','60대','F',1
'2018-01-23','회원-내국인','60대','M',1
'2018-01-24','회원-내국인','20대','F',14
'2018-01-24','회원-내국인','20대','M',17
'2018-01-24','회원-내국인','30대','F',7
'2018-01-24','회원-내국인','30대','M',11
'2018-01-24','회원-내국인','40대','F',1
'2018-01-24','회원-내국인','40대','M',7
'2018-01-24','회원-내국인','50대','F',2
'2018-01-24','회원-내국인','50대','M',3
'2018-01-24','회원-내국인','60대','M',2
'2018-01-25','회원-내국인','~10대','F',1
'2018-01-25','회원-내국인','~10대','M',1
'2018-01-25','회원-내국인','20대','F',14
'2018-01-25','회원-내국인','20대','M',12
'2018-01-25','회원-내국인','30대','F',2
'2018-01-25','회원-내국인','30대','M',9
'2018-01-25','회원-내국인','40대','F',3
'2018-01-25','회원-내국인','40대','M',7
'2018-01-25','회원-내국인','50대','F',2
'2018-01-25','회원-내국인','50대','M',2
'2018-01-25','회원-내국인','60대','M',2
'2018-01-25','회원-내국인','70대~','M',1
'2018-01-26','회원-내국인','~10대','F',1
'2018-01-26','회원-내국인','~10대','M',1
'2018-01-26','회원-내국인','20대','F',7
'2018-01-26','회원-내국인','20대','M',12
'2018-01-26','회원-내국인','30대','F',2
'2018-01-26','회원-내국인','30대','M',7
'2018-01-26','회원-내국인','40대','F',1
'2018-01-26','회원-내국인','40대','M',6
'2018-01-26','회원-내국인','50대','F',1
'2018-01-26','회원-내국인','50대','M',3
'2018-01-26','회원-내국인','60대','F',1
'2018-01-27','회원-내국인','~10대','F',1
'2018-01-27','회원-내국인','~10대','M',2
'2018-01-27','회원-내국인','20대','F',20
'2018-01-27','회원-내국인','20대','M',19
'2018-01-27','회원-내국인','30대','F',10
'2018-01-27','회원-내국인','30대','M',14
'2018-01-27','회원-내국인','40대','F',4
'2018-01-27','회원-내국인','40대','M',17
'2018-01-27','회원-내국인','50대','F',3
'2018-01-27','회원-내국인','50대','M',3
'2018-01-27','회원-내국인','60대','F',1
'2018-01-27','회원-내국인','60대','M',4
'2018-01-27','회원-내국인','70대~','M',1
'2018-01-28','회원-내국인','~10대','F',3
'2018-01-28','회원-내국인','~10대','M',4
'2018-01-28','회원-내국인','20대','F',26
'2018-01-28','회원-내국인','20대','M',28
'2018-01-28','회원-내국인','30대','F',8
'2018-01-28','회원-내국인','30대','M',25
'2018-01-28','회원-내국인','40대','F',4
'2018-01-28','회원-내국인','40대','M',9
'2018-01-28','회원-내국인','50대','F',4
'2018-01-28','회원-내국인','50대','M',5
'2018-01-28','회원-내국인','60대','M',3
'2018-01-28','회원-내국인','70대~','F',1
'2018-01-29','회원-내국인','~10대','F',1
'2018-01-29','회원-내국인','~10대','M',1
'2018-01-29','회원-내국인','20대','F',15
'2018-01-29','회원-내국인','20대','M',23
'2018-01-29','회원-내국인','30대','F',7
'2018-01-29','회원-내국인','30대','M',13
'2018-01-29','회원-내국인','40대','F',5
'2018-01-29','회원-내국인','40대','M',8
'2018-01-29','회원-내국인','50대','F',5
'2018-01-29','회원-내국인','50대','M',6
'2018-01-29','회원-내국인','60대','F',1
'2018-01-29','회원-내국인','60대','M',1
'2018-01-30','회원-내국인','~10대','M',2
'2018-01-30','회원-내국인','20대','F',19
'2018-01-30','회원-내국인','20대','M',18
'2018-01-30','회원-내국인','30대','F',4
'2018-01-30','회원-내국인','30대','M',13
'2018-01-30','회원-내국인','40대','F',4
'2018-01-30','회원-내국인','40대','M',15
'2018-01-30','회원-내국인','50대','F',2
'2018-01-30','회원-내국인','50대','M',1
'2018-01-30','회원-내국인','60대','M',1
'2018-01-31','회원-내국인','~10대','F',2
'2018-01-31','회원-내국인','~10대','M',3
'2018-01-31','회원-내국인','20대','F',23
'2018-01-31','회원-내국인','20대','M',22
'2018-01-31','회원-내국인','30대','F',6
'2018-01-31','회원-내국인','30대','M',19
'2018-01-31','회원-내국인','40대','F',5
'2018-01-31','회원-내국인','40대','M',16
'2018-01-31','회원-내국인','50대','F',1
'2018-01-31','회원-내국인','50대','M',1
'2018-01-31','회원-내국인','60대','F',1
'2018-01-31','회원-내국인','60대','M',4
'2018-02-01','회원-내국인','~10대','F',1
'2018-02-01','회원-내국인','~10대','M',1
'2018-02-01','회원-내국인','20대','F',27
'2018-02-01','회원-내국인','20대','M',25
'2018-02-01','회원-내국인','30대','F',13
'2018-02-01','회원-내국인','30대','M',10
'2018-02-01','회원-내국인','40대','F',4
'2018-02-01','회원-내국인','40대','M',14
'2018-02-01','회원-내국인','50대','F',2
'2018-02-01','회원-내국인','50대','M',5
'2018-02-01','회원-내국인','60대','F',1
'2018-02-01','회원-내국인','70대~','F',1
'2018-02-02','회원-내국인','~10대','F',4
'2018-02-02','회원-내국인','~10대','M',4
'2018-02-02','회원-내국인','20대','F',33
'2018-02-02','회원-내국인','20대','M',39
'2018-02-02','회원-내국인','30대','F',10
'2018-02-02','회원-내국인','30대','M',19
'2018-02-02','회원-내국인','40대','F',6
'2018-02-02','회원-내국인','40대','M',15
'2018-02-02','회원-내국인','50대','F',3
'2018-02-02','회원-내국인','50대','M',10
'2018-02-03','회원-내국인','~10대','F',5
'2018-02-03','회원-내국인','~10대','M',3
'2018-02-03','회원-내국인','20대','F',24
'2018-02-03','회원-내국인','20대','M',36
'2018-02-03','회원-내국인','30대','F',9
'2018-02-03','회원-내국인','30대','M',21
'2018-02-03','회원-내국인','40대','F',2
'2018-02-03','회원-내국인','40대','M',8
'2018-02-03','회원-내국인','50대','M',7
'2018-02-03','회원-내국인','60대','M',1
'2018-02-03','회원-내국인','70대~','F',1
'2018-02-03','회원-내국인','70대~','M',1
'2018-02-04','회원-내국인','~10대','F',4
'2018-02-04','회원-내국인','~10대','M',1
'2018-02-04','회원-내국인','20대','F',23
'2018-02-04','회원-내국인','20대','M',14
'2018-02-04','회원-내국인','30대','F',11
'2018-02-04','회원-내국인','30대','M',17
'2018-02-04','회원-내국인','40대','F',7
'2018-02-04','회원-내국인','40대','M',12
'2018-02-04','회원-내국인','50대','F',5
'2018-02-04','회원-내국인','50대','M',7
'2018-02-04','회원-내국인','60대','M',4
'2018-02-05','회원-내국인','20대','F',21
'2018-02-05','회원-내국인','20대','M',22
'2018-02-05','회원-내국인','30대','F',5
'2018-02-05','회원-내국인','30대','M',20
'2018-02-05','회원-내국인','40대','F',3
'2018-02-05','회원-내국인','40대','M',12
'2018-02-05','회원-내국인','50대','F',3
'2018-02-05','회원-내국인','50대','M',2
'2018-02-05','회원-내국인','60대','M',1
'2018-02-06','회원-내국인','~10대','M',3
'2018-02-06','회원-내국인','20대','F',17
'2018-02-06','회원-내국인','20대','M',12
'2018-02-06','회원-내국인','30대','F',4
'2018-02-06','회원-내국인','30대','M',10
'2018-02-06','회원-내국인','40대','F',3
'2018-02-06','회원-내국인','40대','M',10
'2018-02-06','회원-내국인','50대','F',2
'2018-02-06','회원-내국인','50대','M',4
'2018-02-06','회원-내국인','60대','M',1
'2018-02-06','회원-내국인','70대~','M',1
'2018-02-07','회원-내국인','~10대','M',2
'2018-02-07','회원-내국인','20대','F',22
'2018-02-07','회원-내국인','20대','M',27
'2018-02-07','회원-내국인','30대','F',9
'2018-02-07','회원-내국인','30대','M',12
'2018-02-07','회원-내국인','40대','F',4
'2018-02-07','회원-내국인','40대','M',8
'2018-02-07','회원-내국인','50대','M',5
'2018-02-07','회원-내국인','60대','M',3
'2018-02-08','회원-내국인','~10대','F',4
'2018-02-08','회원-내국인','~10대','M',3
'2018-02-08','회원-내국인','20대','F',37
'2018-02-08','회원-내국인','20대','M',38
'2018-02-08','회원-내국인','30대','F',18
'2018-02-08','회원-내국인','30대','M',22
'2018-02-08','회원-내국인','40대','F',2
'2018-02-08','회원-내국인','40대','M',8
'2018-02-08','회원-내국인','50대','F',4
'2018-02-08','회원-내국인','50대','M',9
'2018-02-08','회원-내국인','60대','F',1
'2018-02-08','회원-내국인','60대','M',2
'2018-02-08','회원-내국인','70대~','F',1
'2018-02-08','회원-내국인','70대~','M',1
'2018-02-09','회원-내국인','~10대','F',4
'2018-02-09','회원-내국인','~10대','M',1
'2018-02-09','회원-내국인','20대','F',39
'2018-02-09','회원-내국인','20대','M',34
'2018-02-09','회원-내국인','30대','F',13
'2018-02-09','회원-내국인','30대','M',24
'2018-02-09','회원-내국인','40대','F',4
'2018-02-09','회원-내국인','40대','M',15
'2018-02-09','회원-내국인','50대','F',5
'2018-02-09','회원-내국인','50대','M',4
'2018-02-09','회원-내국인','60대','M',2
'2018-02-09','회원-내국인','70대~','M',2
'2018-02-10','회원-내국인','~10대','F',7
'2018-02-10','회원-내국인','~10대','M',5
'2018-02-10','회원-내국인','20대','F',29
'2018-02-10','회원-내국인','20대','M',47
'2018-02-10','회원-내국인','30대','F',15
'2018-02-10','회원-내국인','30대','M',28
'2018-02-10','회원-내국인','40대','F',7
'2018-02-10','회원-내국인','40대','M',15
'2018-02-10','회원-내국인','50대','F',5
'2018-02-10','회원-내국인','50대','M',11
'2018-02-11','회원-내국인','~10대','M',4
'2018-02-11','회원-내국인','20대','F',30
'2018-02-11','회원-내국인','20대','M',14
'2018-02-11','회원-내국인','30대','F',12
'2018-02-11','회원-내국인','30대','M',20
'2018-02-11','회원-내국인','40대','F',6
'2018-02-11','회원-내국인','40대','M',9
'2018-02-11','회원-내국인','50대','F',3
'2018-02-11','회원-내국인','50대','M',9
'2018-02-11','회원-내국인','60대','F',2
'2018-02-11','회원-내국인','60대','M',2
'2018-02-12','회원-내국인','~10대','F',9
'2018-02-12','회원-내국인','~10대','M',2
'2018-02-12','회원-내국인','20대','F',21
'2018-02-12','회원-내국인','20대','M',30
'2018-02-12','회원-내국인','30대','F',12
'2018-02-12','회원-내국인','30대','M',16
'2018-02-12','회원-내국인','40대','F',4
'2018-02-12','회원-내국인','40대','M',10
'2018-02-12','회원-내국인','50대','F',1
'2018-02-12','회원-내국인','50대','M',3
'2018-02-12','회원-내국인','70대~','F',1
'2018-02-13','회원-내국인','~10대','F',5
'2018-02-13','회원-내국인','~10대','M',8
'2018-02-13','회원-내국인','20대','F',42
'2018-02-13','회원-내국인','20대','M',45
'2018-02-13','회원-내국인','30대','F',14
'2018-02-13','회원-내국인','30대','M',15
'2018-02-13','회원-내국인','40대','F',6
'2018-02-13','회원-내국인','40대','M',14
'2018-02-13','회원-내국인','50대','F',5
'2018-02-13','회원-내국인','50대','M',6
'2018-02-13','회원-내국인','60대','F',1
'2018-02-13','회원-내국인','60대','M',2
'2018-02-13','회원-내국인','70대~','M',2
'2018-02-14','회원-내국인','~10대','F',8
'2018-02-14','회원-내국인','~10대','M',3
'2018-02-14','회원-내국인','20대','F',64
'2018-02-14','회원-내국인','20대','M',63
'2018-02-14','회원-내국인','30대','F',23
'2018-02-14','회원-내국인','30대','M',29
'2018-02-14','회원-내국인','40대','F',12
'2018-02-14','회원-내국인','40대','M',16
'2018-02-14','회원-내국인','50대','F',4
'2018-02-14','회원-내국인','50대','M',12
'2018-02-14','회원-내국인','60대','M',2
'2018-02-14','회원-내국인','70대~','F',1
'2018-02-15','회원-내국인','~10대','F',11
'2018-02-15','회원-내국인','~10대','M',18
'2018-02-15','회원-내국인','20대','F',48
'2018-02-15','회원-내국인','20대','M',48
'2018-02-15','회원-내국인','30대','F',15
'2018-02-15','회원-내국인','30대','M',23
'2018-02-15','회원-내국인','40대','F',9
'2018-02-15','회원-내국인','40대','M',23
'2018-02-15','회원-내국인','50대','F',6
'2018-02-15','회원-내국인','50대','M',7
'2018-02-15','회원-내국인','60대','F',1
'2018-02-15','회원-내국인','60대','M',4
'2018-02-16','회원-내국인','~10대','F',8
'2018-02-16','회원-내국인','~10대','M',8
'2018-02-16','회원-내국인','20대','F',66
'2018-02-16','회원-내국인','20대','M',50
'2018-02-16','회원-내국인','30대','F',24
'2018-02-16','회원-내국인','30대','M',26
'2018-02-16','회원-내국인','40대','F',24
'2018-02-16','회원-내국인','40대','M',30
'2018-02-16','회원-내국인','50대','F',5
'2018-02-16','회원-내국인','50대','M',8
'2018-02-16','회원-내국인','60대','F',2
'2018-02-16','회원-내국인','60대','M',2
'2018-02-16','회원-내국인','70대~','F',1
'2018-02-17','회원-내국인','~10대','F',10
'2018-02-17','회원-내국인','~10대','M',2
'2018-02-17','회원-내국인','20대','F',69
'2018-02-17','회원-내국인','20대','M',56
'2018-02-17','회원-내국인','30대','F',28
'2018-02-17','회원-내국인','30대','M',35
'2018-02-17','회원-내국인','40대','F',21
'2018-02-17','회원-내국인','40대','M',25
'2018-02-17','회원-내국인','50대','F',11
'2018-02-17','회원-내국인','50대','M',14
'2018-02-17','회원-내국인','60대','F',4
'2018-02-17','회원-내국인','60대','M',3
'2018-02-17','회원-내국인','70대~','F',2
'2018-02-17','회원-내국인','70대~','M',1
'2018-02-18','회원-내국인','~10대','F',10
'2018-02-18','회원-내국인','~10대','M',10
'2018-02-18','회원-내국인','20대','F',104
'2018-02-18','회원-내국인','20대','M',68
'2018-02-18','회원-내국인','30대','F',39
'2018-02-18','회원-내국인','30대','M',53
'2018-02-18','회원-내국인','40대','F',18
'2018-02-18','회원-내국인','40대','M',29
'2018-02-18','회원-내국인','50대','F',11
'2018-02-18','회원-내국인','50대','M',12
'2018-02-18','회원-내국인','60대','F',5
'2018-02-18','회원-내국인','60대','M',5
'2018-02-18','회원-내국인','70대~','F',1
'2018-02-18','회원-내국인','70대~','M',1
'2018-02-19','회원-내국인','~10대','F',11
'2018-02-19','회원-내국인','~10대','M',7
'2018-02-19','회원-내국인','20대','F',103
'2018-02-19','회원-내국인','20대','M',99
'2018-02-19','회원-내국인','30대','F',23
'2018-02-19','회원-내국인','30대','M',62
'2018-02-19','회원-내국인','40대','F',18
'2018-02-19','회원-내국인','40대','M',27
'2018-02-19','회원-내국인','50대','F',6
'2018-02-19','회원-내국인','50대','M',10
'2018-02-19','회원-내국인','60대','F',1
'2018-02-19','회원-내국인','60대','M',10
'2018-02-19','회원-내국인','70대~','F',2
'2018-02-19','회원-내국인','70대~','M',2
'2018-02-20','회원-내국인','~10대','F',9
'2018-02-20','회원-내국인','~10대','M',6
'2018-02-20','회원-내국인','20대','F',84
'2018-02-20','회원-내국인','20대','M',79
'2018-02-20','회원-내국인','30대','F',39
'2018-02-20','회원-내국인','30대','M',50
'2018-02-20','회원-내국인','40대','F',13
'2018-02-20','회원-내국인','40대','M',27
'2018-02-20','회원-내국인','50대','F',14
'2018-02-20','회원-내국인','50대','M',10
'2018-02-20','회원-내국인','60대','F',4
'2018-02-20','회원-내국인','60대','M',5
'2018-02-21','회원-내국인','~10대','F',7
'2018-02-21','회원-내국인','~10대','M',5
'2018-02-21','회원-내국인','20대','F',78
'2018-02-21','회원-내국인','20대','M',67
'2018-02-21','회원-내국인','30대','F',25
'2018-02-21','회원-내국인','30대','M',25
'2018-02-21','회원-내국인','40대','F',17
'2018-02-21','회원-내국인','40대','M',29
'2018-02-21','회원-내국인','50대','F',8
'2018-02-21','회원-내국인','50대','M',9
'2018-02-21','회원-내국인','60대','F',2
'2018-02-21','회원-내국인','60대','M',6
'2018-02-21','회원-내국인','70대~','F',2
'2018-02-22','회원-내국인','~10대','F',8
'2018-02-22','회원-내국인','~10대','M',5
'2018-02-22','회원-내국인','20대','F',66
'2018-02-22','회원-내국인','20대','M',63
'2018-02-22','회원-내국인','30대','F',17
'2018-02-22','회원-내국인','30대','M',21
'2018-02-22','회원-내국인','40대','F',13
'2018-02-22','회원-내국인','40대','M',20
'2018-02-22','회원-내국인','50대','F',5
'2018-02-22','회원-내국인','50대','M',15
'2018-02-22','회원-내국인','60대','F',2
'2018-02-22','회원-내국인','60대','M',2
'2018-02-22','회원-내국인','70대~','F',1
'2018-02-22','회원-내국인','70대~','M',1
'2018-02-23','회원-내국인','~10대','F',5
'2018-02-23','회원-내국인','~10대','M',2
'2018-02-23','회원-내국인','20대','F',59
'2018-02-23','회원-내국인','20대','M',62
'2018-02-23','회원-내국인','30대','F',21
'2018-02-23','회원-내국인','30대','M',29
'2018-02-23','회원-내국인','40대','F',7
'2018-02-23','회원-내국인','40대','M',16
'2018-02-23','회원-내국인','50대','F',9
'2018-02-23','회원-내국인','50대','M',13
'2018-02-23','회원-내국인','60대','F',2
'2018-02-23','회원-내국인','70대~','F',1
'2018-02-24','회원-내국인','~10대','F',11
'2018-02-24','회원-내국인','~10대','M',9
'2018-02-24','회원-내국인','20대','F',109
'2018-02-24','회원-내국인','20대','M',100
'2018-02-24','회원-내국인','30대','F',43
'2018-02-24','회원-내국인','30대','M',41
'2018-02-24','회원-내국인','40대','F',19
'2018-02-24','회원-내국인','40대','M',29
'2018-02-24','회원-내국인','50대','F',9
'2018-02-24','회원-내국인','50대','M',18
'2018-02-24','회원-내국인','60대','F',2
'2018-02-24','회원-내국인','60대','M',3
'2018-02-25','회원-내국인','~10대','F',8
'2018-02-25','회원-내국인','~10대','M',15
'2018-02-25','회원-내국인','20대','F',158
'2018-02-25','회원-내국인','20대','M',140
'2018-02-25','회원-내국인','30대','F',38
'2018-02-25','회원-내국인','30대','M',83
'2018-02-25','회원-내국인','40대','F',30
'2018-02-25','회원-내국인','40대','M',60
'2018-02-25','회원-내국인','50대','F',14
'2018-02-25','회원-내국인','50대','M',14
'2018-02-25','회원-내국인','60대','F',1
'2018-02-25','회원-내국인','60대','M',2
'2018-02-26','회원-내국인','~10대','F',27
'2018-02-26','회원-내국인','~10대','M',11
'2018-02-26','회원-내국인','20대','F',149
'2018-02-26','회원-내국인','20대','M',138
'2018-02-26','회원-내국인','30대','F',48
'2018-02-26','회원-내국인','30대','M',69
'2018-02-26','회원-내국인','40대','F',28
'2018-02-26','회원-내국인','40대','M',37
'2018-02-26','회원-내국인','50대','F',9
'2018-02-26','회원-내국인','50대','M',12
'2018-02-26','회원-내국인','60대','F',2
'2018-02-26','회원-내국인','60대','M',6
'2018-02-26','회원-내국인','70대~','M',2
'2018-02-27','회원-내국인','~10대','F',10
'2018-02-27','회원-내국인','~10대','M',10
'2018-02-27','회원-내국인','20대','F',84
'2018-02-27','회원-내국인','20대','M',94
'2018-02-27','회원-내국인','30대','F',36
'2018-02-27','회원-내국인','30대','M',51
'2018-02-27','회원-내국인','40대','F',16
'2018-02-27','회원-내국인','40대','M',35
'2018-02-27','회원-내국인','50대','F',6
'2018-02-27','회원-내국인','50대','M',18
'2018-02-27','회원-내국인','60대','F',5
'2018-02-27','회원-내국인','60대','M',3
'2018-02-27','회원-내국인','70대~','M',1
'2018-02-28','회원-내국인','~10대','F',8
'2018-02-28','회원-내국인','~10대','M',6
'2018-02-28','회원-내국인','20대','F',49
'2018-02-28','회원-내국인','20대','M',46
'2018-02-28','회원-내국인','30대','F',16
'2018-02-28','회원-내국인','30대','M',23
'2018-02-28','회원-내국인','40대','F',9
'2018-02-28','회원-내국인','40대','M',28
'2018-02-28','회원-내국인','50대','F',10
'2018-02-28','회원-내국인','50대','M',13
'2018-02-28','회원-내국인','60대','F',2
'2018-02-28','회원-내국인','60대','M',3
'2018-03-01','회원-내국인','~10대','F',11
'2018-03-01','회원-내국인','~10대','M',7
'2018-03-01','회원-내국인','20대','F',109
'2018-03-01','회원-내국인','20대','M',100
'2018-03-01','회원-내국인','30대','F',41
'2018-03-01','회원-내국인','30대','M',61
'2018-03-01','회원-내국인','40대','F',20
'2018-03-01','회원-내국인','40대','M',40
'2018-03-01','회원-내국인','50대','F',12
'2018-03-01','회원-내국인','50대','M',12
'2018-03-01','회원-내국인','60대','F',1
'2018-03-01','회원-내국인','60대','M',4
'2018-03-01','회원-내국인','70대~','F',1
'2018-03-01','회원-내국인','70대~','M',1
'2018-03-02','회원-내국인','~10대','F',4
'2018-03-02','회원-내국인','~10대','M',9
'2018-03-02','회원-내국인','20대','F',110
'2018-03-02','회원-내국인','20대','M',112
'2018-03-02','회원-내국인','30대','F',52
'2018-03-02','회원-내국인','30대','M',49
'2018-03-02','회원-내국인','40대','F',17
'2018-03-02','회원-내국인','40대','M',35
'2018-03-02','회원-내국인','50대','F',11
'2018-03-02','회원-내국인','50대','M',18
'2018-03-02','회원-내국인','60대','F',2
'2018-03-02','회원-내국인','60대','M',2
'2018-03-02','회원-내국인','70대~','M',1
'2018-03-03','회원-내국인','~10대','F',54
'2018-03-03','회원-내국인','~10대','M',24
'2018-03-03','회원-내국인','20대','F',538
'2018-03-03','회원-내국인','20대','M',430
'2018-03-03','회원-내국인','30대','F',149
'2018-03-03','회원-내국인','30대','M',190
'2018-03-03','회원-내국인','40대','F',81
'2018-03-03','회원-내국인','40대','M',110
'2018-03-03','회원-내국인','50대','F',27
'2018-03-03','회원-내국인','50대','M',29
'2018-03-03','회원-내국인','60대','F',5
'2018-03-03','회원-내국인','60대','M',6
'2018-03-03','회원-내국인','70대~','F',5
'2018-03-03','회원-내국인','70대~','M',1
'2018-03-04','회원-내국인','~10대','F',20
'2018-03-04','회원-내국인','~10대','M',16
'2018-03-04','회원-내국인','20대','F',185
'2018-03-04','회원-내국인','20대','M',112
'2018-03-04','회원-내국인','30대','F',63
'2018-03-04','회원-내국인','30대','M',97
'2018-03-04','회원-내국인','40대','F',59
'2018-03-04','회원-내국인','40대','M',127
'2018-03-04','회원-내국인','50대','F',29
'2018-03-04','회원-내국인','50대','M',79
'2018-03-04','회원-내국인','60대','F',8
'2018-03-04','회원-내국인','60대','M',19
'2018-03-04','회원-내국인','70대~','F',2
'2018-03-04','회원-내국인','70대~','M',2
'2018-03-05','회원-내국인','~10대','F',12
'2018-03-05','회원-내국인','~10대','M',8
'2018-03-05','회원-내국인','20대','F',248
'2018-03-05','회원-내국인','20대','M',169
'2018-03-05','회원-내국인','30대','F',75
'2018-03-05','회원-내국인','30대','M',68
'2018-03-05','회원-내국인','40대','F',36
'2018-03-05','회원-내국인','40대','M',40
'2018-03-05','회원-내국인','50대','F',10
'2018-03-05','회원-내국인','50대','M',25
'2018-03-05','회원-내국인','60대','F',5
'2018-03-05','회원-내국인','60대','M',9
'2018-03-05','회원-내국인','70대~','F',1
'2018-03-06','회원-내국인','~10대','F',14
'2018-03-06','회원-내국인','~10대','M',8
'2018-03-06','회원-내국인','20대','F',262
'2018-03-06','회원-내국인','20대','M',162
'2018-03-06','회원-내국인','30대','F',69
'2018-03-06','회원-내국인','30대','M',85
'2018-03-06','회원-내국인','40대','F',25
'2018-03-06','회원-내국인','40대','M',66
'2018-03-06','회원-내국인','50대','F',16
'2018-03-06','회원-내국인','50대','M',31
'2018-03-06','회원-내국인','60대','F',2
'2018-03-06','회원-내국인','60대','M',5
'2018-03-06','회원-내국인','70대~','F',1
'2018-03-06','회원-내국인','70대~','M',3
'2018-03-07','회원-내국인','~10대','F',9
'2018-03-07','회원-내국인','~10대','M',5
'2018-03-07','회원-내국인','20대','F',159
'2018-03-07','회원-내국인','20대','M',122
'2018-03-07','회원-내국인','30대','F',64
'2018-03-07','회원-내국인','30대','M',72
'2018-03-07','회원-내국인','40대','F',41
'2018-03-07','회원-내국인','40대','M',51
'2018-03-07','회원-내국인','50대','F',20
'2018-03-07','회원-내국인','50대','M',26
'2018-03-07','회원-내국인','60대','M',7
'2018-03-08','회원-내국인','~10대','F',7
'2018-03-08','회원-내국인','~10대','M',11
'2018-03-08','회원-내국인','20대','F',136
'2018-03-08','회원-내국인','20대','M',96
'2018-03-08','회원-내국인','30대','F',54
'2018-03-08','회원-내국인','30대','M',81
'2018-03-08','회원-내국인','40대','F',29
'2018-03-08','회원-내국인','40대','M',42
'2018-03-08','회원-내국인','50대','F',6
'2018-03-08','회원-내국인','50대','M',28
'2018-03-08','회원-내국인','60대','F',1
'2018-03-08','회원-내국인','60대','M',1
'2018-03-08','회원-내국인','70대~','F',1
'2018-03-09','회원-내국인','~10대','F',11
'2018-03-09','회원-내국인','~10대','M',6
'2018-03-09','회원-내국인','20대','F',164
'2018-03-09','회원-내국인','20대','M',144
'2018-03-09','회원-내국인','30대','F',66
'2018-03-09','회원-내국인','30대','M',68
'2018-03-09','회원-내국인','40대','F',28
'2018-03-09','회원-내국인','40대','M',59
'2018-03-09','회원-내국인','50대','F',21
'2018-03-09','회원-내국인','50대','M',19
'2018-03-09','회원-내국인','60대','F',2
'2018-03-09','회원-내국인','60대','M',8
'2018-03-09','회원-내국인','70대~','F',1
'2018-03-09','회원-내국인','70대~','M',1
'2018-03-10','회원-내국인','~10대','F',26
'2018-03-10','회원-내국인','~10대','M',18
'2018-03-10','회원-내국인','20대','F',312
'2018-03-10','회원-내국인','20대','M',239
'2018-03-10','회원-내국인','30대','F',104
'2018-03-10','회원-내국인','30대','M',118
'2018-03-10','회원-내국인','40대','F',56
'2018-03-10','회원-내국인','40대','M',77
'2018-03-10','회원-내국인','50대','F',30
'2018-03-10','회원-내국인','50대','M',33
'2018-03-10','회원-내국인','60대','F',5
'2018-03-10','회원-내국인','60대','M',4
'2018-03-10','회원-내국인','70대~','F',2
'2018-03-10','회원-내국인','70대~','M',2
'2018-03-11','회원-내국인','~10대','F',38
'2018-03-11','회원-내국인','~10대','M',28
'2018-03-11','회원-내국인','20대','F',450
'2018-03-11','회원-내국인','20대','M',410
'2018-03-11','회원-내국인','30대','F',173
'2018-03-11','회원-내국인','30대','M',218
'2018-03-11','회원-내국인','40대','F',83
'2018-03-11','회원-내국인','40대','M',123
'2018-03-11','회원-내국인','50대','F',32
'2018-03-11','회원-내국인','50대','M',36
'2018-03-11','회원-내국인','60대','F',10
'2018-03-11','회원-내국인','60대','M',11
'2018-03-11','회원-내국인','70대~','F',4
'2018-03-11','회원-내국인','70대~','M',1
'2018-03-12','회원-내국인','~10대','F',13
'2018-03-12','회원-내국인','~10대','M',8
'2018-03-12','회원-내국인','20대','F',257
'2018-03-12','회원-내국인','20대','M',205
'2018-03-12','회원-내국인','30대','F',75
'2018-03-12','회원-내국인','30대','M',97
'2018-03-12','회원-내국인','40대','F',33
'2018-03-12','회원-내국인','40대','M',57
'2018-03-12','회원-내국인','50대','F',19
'2018-03-12','회원-내국인','50대','M',34
'2018-03-12','회원-내국인','60대','F',7
'2018-03-12','회원-내국인','60대','M',5
'2018-03-12','회원-내국인','70대~','F',1
'2018-03-12','회원-내국인','70대~','M',1
'2018-03-13','회원-내국인','~10대','F',19
'2018-03-13','회원-내국인','~10대','M',14
'2018-03-13','회원-내국인','20대','F',396
'2018-03-13','회원-내국인','20대','M',269
'2018-03-13','회원-내국인','30대','F',117
'2018-03-13','회원-내국인','30대','M',142
'2018-03-13','회원-내국인','40대','F',42
'2018-03-13','회원-내국인','40대','M',77
'2018-03-13','회원-내국인','50대','F',19
'2018-03-13','회원-내국인','50대','M',31
'2018-03-13','회원-내국인','60대','F',5
'2018-03-13','회원-내국인','60대','M',9
'2018-03-13','회원-내국인','70대~','F',2
'2018-03-13','회원-내국인','70대~','M',4
'2018-03-14','회원-내국인','~10대','F',42
'2018-03-14','회원-내국인','~10대','M',23
'2018-03-14','회원-내국인','20대','F',676
'2018-03-14','회원-내국인','20대','M',445
'2018-03-14','회원-내국인','30대','F',174
'2018-03-14','회원-내국인','30대','M',185
'2018-03-14','회원-내국인','40대','F',74
'2018-03-14','회원-내국인','40대','M',92
'2018-03-14','회원-내국인','50대','F',21
'2018-03-14','회원-내국인','50대','M',40
'2018-03-14','회원-내국인','60대','F',4
'2018-03-14','회원-내국인','60대','M',11
'2018-03-14','회원-내국인','70대~','F',3
'2018-03-14','회원-내국인','70대~','M',3
'2018-03-15','회원-내국인','~10대','F',10
'2018-03-15','회원-내국인','~10대','M',8
'2018-03-15','회원-내국인','20대','F',156
'2018-03-15','회원-내국인','20대','M',131
'2018-03-15','회원-내국인','30대','F',55
'2018-03-15','회원-내국인','30대','M',61
'2018-03-15','회원-내국인','40대','F',34
'2018-03-15','회원-내국인','40대','M',43
'2018-03-15','회원-내국인','50대','F',11
'2018-03-15','회원-내국인','50대','M',16
'2018-03-15','회원-내국인','60대','F',5
'2018-03-15','회원-내국인','60대','M',6
'2018-03-15','회원-내국인','70대~','F',1
'2018-03-15','회원-내국인','70대~','M',1
'2018-03-16','회원-내국인','~10대','F',30
'2018-03-16','회원-내국인','~10대','M',15
'2018-03-16','회원-내국인','20대','F',388
'2018-03-16','회원-내국인','20대','M',266
'2018-03-16','회원-내국인','30대','F',119
'2018-03-16','회원-내국인','30대','M',133
'2018-03-16','회원-내국인','40대','F',46
'2018-03-16','회원-내국인','40대','M',75
'2018-03-16','회원-내국인','50대','F',14
'2018-03-16','회원-내국인','50대','M',48
'2018-03-16','회원-내국인','60대','F',4
'2018-03-16','회원-내국인','60대','M',5
'2018-03-16','회원-내국인','70대~','F',1
'2018-03-16','회원-내국인','70대~','M',2
'2018-03-17','회원-내국인','~10대','F',55
'2018-03-17','회원-내국인','~10대','M',32
'2018-03-17','회원-내국인','20대','F',686
'2018-03-17','회원-내국인','20대','M',491
'2018-03-17','회원-내국인','30대','F',190
'2018-03-17','회원-내국인','30대','M',232
'2018-03-17','회원-내국인','40대','F',117
'2018-03-17','회원-내국인','40대','M',151
'2018-03-17','회원-내국인','50대','F',46
'2018-03-17','회원-내국인','50대','M',56
'2018-03-17','회원-내국인','60대','F',8
'2018-03-17','회원-내국인','60대','M',16
'2018-03-17','회원-내국인','70대~','F',3
'2018-03-17','회원-내국인','70대~','M',2
'2018-03-18','회원-내국인','~10대','F',24
'2018-03-18','회원-내국인','~10대','M',27
'2018-03-18','회원-내국인','20대','F',332
'2018-03-18','회원-내국인','20대','M',280
'2018-03-18','회원-내국인','30대','F',142
'2018-03-18','회원-내국인','30대','M',148
'2018-03-18','회원-내국인','40대','F',85
'2018-03-18','회원-내국인','40대','M',116
'2018-03-18','회원-내국인','50대','F',23
'2018-03-18','회원-내국인','50대','M',36
'2018-03-18','회원-내국인','60대','F',2
'2018-03-18','회원-내국인','60대','M',12
'2018-03-18','회원-내국인','70대~','F',3
'2018-03-18','회원-내국인','70대~','M',3
'2018-03-19','회원-내국인','~10대','F',8
'2018-03-19','회원-내국인','~10대','M',4
'2018-03-19','회원-내국인','20대','F',140
'2018-03-19','회원-내국인','20대','M',121
'2018-03-19','회원-내국인','30대','F',63
'2018-03-19','회원-내국인','30대','M',77
'2018-03-19','회원-내국인','40대','F',28
'2018-03-19','회원-내국인','40대','M',55
'2018-03-19','회원-내국인','50대','F',11
'2018-03-19','회원-내국인','50대','M',20
'2018-03-19','회원-내국인','60대','F',2
'2018-03-19','회원-내국인','60대','M',3
'2018-03-19','회원-내국인','70대~','M',1
'2018-03-20','회원-내국인','~10대','F',6
'2018-03-20','회원-내국인','~10대','M',9
'2018-03-20','회원-내국인','20대','F',143
'2018-03-20','회원-내국인','20대','M',108
'2018-03-20','회원-내국인','30대','F',47
'2018-03-20','회원-내국인','30대','M',88
'2018-03-20','회원-내국인','40대','F',36
'2018-03-20','회원-내국인','40대','M',69
'2018-03-20','회원-내국인','50대','F',13
'2018-03-20','회원-내국인','50대','M',30
'2018-03-20','회원-내국인','60대','F',3
'2018-03-20','회원-내국인','60대','M',10
'2018-03-20','회원-내국인','70대~','M',1
'2018-03-21','회원-내국인','~10대','F',3
'2018-03-21','회원-내국인','~10대','M',4
'2018-03-21','회원-내국인','20대','F',78
'2018-03-21','회원-내국인','20대','M',71
'2018-03-21','회원-내국인','30대','F',43
'2018-03-21','회원-내국인','30대','M',84
'2018-03-21','회원-내국인','40대','F',32
'2018-03-21','회원-내국인','40대','M',87
'2018-03-21','회원-내국인','50대','F',22
'2018-03-21','회원-내국인','50대','M',79
'2018-03-21','회원-내국인','60대','F',6
'2018-03-21','회원-내국인','60대','M',30
'2018-03-21','회원-내국인','70대~','F',1
'2018-03-21','회원-내국인','70대~','M',6
'2018-03-22','회원-내국인','~10대','F',11
'2018-03-22','회원-내국인','~10대','M',9
'2018-03-22','회원-내국인','20대','F',205
'2018-03-22','회원-내국인','20대','M',169
'2018-03-22','회원-내국인','30대','F',97
'2018-03-22','회원-내국인','30대','M',109
'2018-03-22','회원-내국인','40대','F',37
'2018-03-22','회원-내국인','40대','M',73
'2018-03-22','회원-내국인','50대','F',24
'2018-03-22','회원-내국인','50대','M',50
'2018-03-22','회원-내국인','60대','F',3
'2018-03-22','회원-내국인','60대','M',16
'2018-03-23','회원-내국인','~10대','F',13
'2018-03-23','회원-내국인','~10대','M',17
'2018-03-23','회원-내국인','20대','F',270
'2018-03-23','회원-내국인','20대','M',207
'2018-03-23','회원-내국인','30대','F',105
'2018-03-23','회원-내국인','30대','M',93
'2018-03-23','회원-내국인','40대','F',40
'2018-03-23','회원-내국인','40대','M',76
'2018-03-23','회원-내국인','50대','F',20
'2018-03-23','회원-내국인','50대','M',31
'2018-03-23','회원-내국인','60대','F',7
'2018-03-23','회원-내국인','60대','M',6
'2018-03-23','회원-내국인','70대~','F',2
'2018-03-23','회원-내국인','70대~','M',2
'2018-03-24','회원-내국인','~10대','F',28
'2018-03-24','회원-내국인','~10대','M',24
'2018-03-24','회원-내국인','20대','F',336
'2018-03-24','회원-내국인','20대','M',298
'2018-03-24','회원-내국인','30대','F',120
'2018-03-24','회원-내국인','30대','M',138
'2018-03-24','회원-내국인','40대','F',49
'2018-03-24','회원-내국인','40대','M',80
'2018-03-24','회원-내국인','50대','F',25
'2018-03-24','회원-내국인','50대','M',30
'2018-03-24','회원-내국인','60대','F',6
'2018-03-24','회원-내국인','60대','M',9
'2018-03-24','회원-내국인','70대~','M',1
'2018-03-25','회원-내국인','~10대','F',24
'2018-03-25','회원-내국인','~10대','M',24
'2018-03-25','회원-내국인','20대','F',391
'2018-03-25','회원-내국인','20대','M',380
'2018-03-25','회원-내국인','30대','F',124
'2018-03-25','회원-내국인','30대','M',151
'2018-03-25','회원-내국인','40대','F',62
'2018-03-25','회원-내국인','40대','M',78
'2018-03-25','회원-내국인','50대','F',31
'2018-03-25','회원-내국인','50대','M',47
'2018-03-25','회원-내국인','60대','F',11
'2018-03-25','회원-내국인','60대','M',12
'2018-03-25','회원-내국인','70대~','F',1
'2018-03-25','회원-내국인','70대~','M',4
'2018-03-26','회원-내국인','~10대','F',14
'2018-03-26','회원-내국인','~10대','M',15
'2018-03-26','회원-내국인','20대','F',199
'2018-03-26','회원-내국인','20대','M',186
'2018-03-26','회원-내국인','30대','F',70
'2018-03-26','회원-내국인','30대','M',118
'2018-03-26','회원-내국인','40대','F',29
'2018-03-26','회원-내국인','40대','M',64
'2018-03-26','회원-내국인','50대','F',19
'2018-03-26','회원-내국인','50대','M',29
'2018-03-26','회원-내국인','60대','F',4
'2018-03-26','회원-내국인','60대','M',8
'2018-03-26','회원-내국인','70대~','F',2
'2018-03-26','회원-내국인','70대~','M',1
'2018-03-27','회원-내국인','~10대','F',13
'2018-03-27','회원-내국인','~10대','M',14
'2018-03-27','회원-내국인','20대','F',209
'2018-03-27','회원-내국인','20대','M',182
'2018-03-27','회원-내국인','30대','F',63
'2018-03-27','회원-내국인','30대','M',83
'2018-03-27','회원-내국인','40대','F',34
'2018-03-27','회원-내국인','40대','M',63
'2018-03-27','회원-내국인','50대','F',24
'2018-03-27','회원-내국인','50대','M',37
'2018-03-27','회원-내국인','60대','F',4
'2018-03-27','회원-내국인','60대','M',5
'2018-03-27','회원-내국인','70대~','F',2
'2018-03-27','회원-내국인','70대~','M',3
'2018-03-28','회원-내국인','~10대','F',10
'2018-03-28','회원-내국인','~10대','M',11
'2018-03-28','회원-내국인','20대','F',307
'2018-03-28','회원-내국인','20대','M',238
'2018-03-28','회원-내국인','30대','F',95
'2018-03-28','회원-내국인','30대','M',102
'2018-03-28','회원-내국인','40대','F',45
'2018-03-28','회원-내국인','40대','M',71
'2018-03-28','회원-내국인','50대','F',15
'2018-03-28','회원-내국인','50대','M',53
'2018-03-28','회원-내국인','60대','F',6
'2018-03-28','회원-내국인','60대','M',12
'2018-03-28','회원-내국인','70대~','F',3
'2018-03-28','회원-내국인','70대~','M',3
'2018-03-29','회원-내국인','~10대','F',25
'2018-03-29','회원-내국인','~10대','M',15
'2018-03-29','회원-내국인','20대','F',350
'2018-03-29','회원-내국인','20대','M',326
'2018-03-29','회원-내국인','30대','F',82
'2018-03-29','회원-내국인','30대','M',117
'2018-03-29','회원-내국인','40대','F',36
'2018-03-29','회원-내국인','40대','M',70
'2018-03-29','회원-내국인','50대','F',18
'2018-03-29','회원-내국인','50대','M',34
'2018-03-29','회원-내국인','60대','F',5
'2018-03-29','회원-내국인','60대','M',5
'2018-03-29','회원-내국인','70대~','F',2
'2018-03-29','회원-내국인','70대~','M',1
'2018-03-30','회원-내국인','~10대','F',35
'2018-03-30','회원-내국인','~10대','M',34
'2018-03-30','회원-내국인','20대','F',528
'2018-03-30','회원-내국인','20대','M',412
'2018-03-30','회원-내국인','30대','F',134
'2018-03-30','회원-내국인','30대','M',182
'2018-03-30','회원-내국인','40대','F',49
'2018-03-30','회원-내국인','40대','M',102
'2018-03-30','회원-내국인','50대','F',29
'2018-03-30','회원-내국인','50대','M',30
'2018-03-30','회원-내국인','60대','F',4
'2018-03-30','회원-내국인','60대','M',10
'2018-03-30','회원-내국인','70대~','F',2
'2018-03-30','회원-내국인','70대~','M',3
'2018-03-31','회원-내국인','~10대','F',50
'2018-03-31','회원-내국인','~10대','M',32
'2018-03-31','회원-내국인','20대','F',855
'2018-03-31','회원-내국인','20대','M',662
'2018-03-31','회원-내국인','30대','F',246
'2018-03-31','회원-내국인','30대','M',328
'2018-03-31','회원-내국인','40대','F',108
'2018-03-31','회원-내국인','40대','M',134
'2018-03-31','회원-내국인','50대','F',53
'2018-03-31','회원-내국인','50대','M',57
'2018-03-31','회원-내국인','60대','F',9
'2018-03-31','회원-내국인','60대','M',15
'2018-03-31','회원-내국인','70대~','F',4
'2018-03-31','회원-내국인','70대~','M',3
'2018-04-01','회원-내국인','~10대','F',48
'2018-04-01','회원-내국인','~10대','M',44
'2018-04-01','회원-내국인','20대','F',706
'2018-04-01','회원-내국인','20대','M',619
'2018-04-01','회원-내국인','30대','F',234
'2018-04-01','회원-내국인','30대','M',285
'2018-04-01','회원-내국인','40대','F',110
'2018-04-01','회원-내국인','40대','M',144
'2018-04-01','회원-내국인','50대','F',45
'2018-04-01','회원-내국인','50대','M',63
'2018-04-01','회원-내국인','60대','F',4
'2018-04-01','회원-내국인','60대','M',15
'2018-04-01','회원-내국인','70대~','F',3
'2018-04-01','회원-내국인','70대~','M',4
'2018-04-02','회원-내국인','~10대','F',34
'2018-04-02','회원-내국인','~10대','M',28
'2018-04-02','회원-내국인','20대','F',718
'2018-04-02','회원-내국인','20대','M',508
'2018-04-02','회원-내국인','30대','F',215
'2018-04-02','회원-내국인','30대','M',205
'2018-04-02','회원-내국인','40대','F',71
'2018-04-02','회원-내국인','40대','M',115
'2018-04-02','회원-내국인','50대','F',47
'2018-04-02','회원-내국인','50대','M',39
'2018-04-02','회원-내국인','60대','F',4
'2018-04-02','회원-내국인','60대','M',11
'2018-04-02','회원-내국인','70대~','F',3
'2018-04-02','회원-내국인','70대~','M',3
'2018-04-03','회원-내국인','~10대','F',33
'2018-04-03','회원-내국인','~10대','M',19
'2018-04-03','회원-내국인','20대','F',534
'2018-04-03','회원-내국인','20대','M',366
'2018-04-03','회원-내국인','30대','F',171
'2018-04-03','회원-내국인','30대','M',198
'2018-04-03','회원-내국인','40대','F',56
'2018-04-03','회원-내국인','40대','M',100
'2018-04-03','회원-내국인','50대','F',38
'2018-04-03','회원-내국인','50대','M',46
'2018-04-03','회원-내국인','60대','F',7
'2018-04-03','회원-내국인','60대','M',5
'2018-04-03','회원-내국인','70대~','F',3
'2018-04-03','회원-내국인','70대~','M',3
'2018-04-04','회원-내국인','~10대','F',38
'2018-04-04','회원-내국인','~10대','M',33
'2018-04-04','회원-내국인','20대','F',625
'2018-04-04','회원-내국인','20대','M',482
'2018-04-04','회원-내국인','30대','F',202
'2018-04-04','회원-내국인','30대','M',233
'2018-04-04','회원-내국인','40대','F',100
'2018-04-04','회원-내국인','40대','M',132
'2018-04-04','회원-내국인','50대','F',62
'2018-04-04','회원-내국인','50대','M',61
'2018-04-04','회원-내국인','60대','F',5
'2018-04-04','회원-내국인','60대','M',19
'2018-04-04','회원-내국인','70대~','F',1
'2018-04-04','회원-내국인','70대~','M',3
'2018-04-05','회원-내국인','~10대','F',8
'2018-04-05','회원-내국인','~10대','M',6
'2018-04-05','회원-내국인','20대','F',99
'2018-04-05','회원-내국인','20대','M',78
'2018-04-05','회원-내국인','30대','F',70
'2018-04-05','회원-내국인','30대','M',62
'2018-04-05','회원-내국인','40대','F',27
'2018-04-05','회원-내국인','40대','M',51
'2018-04-05','회원-내국인','50대','F',16
'2018-04-05','회원-내국인','50대','M',35
'2018-04-05','회원-내국인','60대','F',1
'2018-04-05','회원-내국인','60대','M',7
'2018-04-05','회원-내국인','70대~','F',1
'2018-04-05','회원-내국인','70대~','M',3
'2018-04-06','회원-내국인','~10대','F',6
'2018-04-06','회원-내국인','~10대','M',9
'2018-04-06','회원-내국인','20대','F',159
'2018-04-06','회원-내국인','20대','M',126
'2018-04-06','회원-내국인','30대','F',70
'2018-04-06','회원-내국인','30대','M',92
'2018-04-06','회원-내국인','40대','F',38
'2018-04-06','회원-내국인','40대','M',65
'2018-04-06','회원-내국인','50대','F',13
'2018-04-06','회원-내국인','50대','M',19
'2018-04-06','회원-내국인','60대','F',6
'2018-04-06','회원-내국인','60대','M',7
'2018-04-06','회원-내국인','70대~','M',1
'2018-04-07','회원-내국인','~10대','F',19
'2018-04-07','회원-내국인','~10대','M',25
'2018-04-07','회원-내국인','20대','F',255
'2018-04-07','회원-내국인','20대','M',232
'2018-04-07','회원-내국인','30대','F',90
'2018-04-07','회원-내국인','30대','M',134
'2018-04-07','회원-내국인','40대','F',60
'2018-04-07','회원-내국인','40대','M',66
'2018-04-07','회원-내국인','50대','F',26
'2018-04-07','회원-내국인','50대','M',26
'2018-04-07','회원-내국인','60대','F',8
'2018-04-07','회원-내국인','60대','M',5
'2018-04-07','회원-내국인','70대~','F',1
'2018-04-07','회원-내국인','70대~','M',2
'2018-04-08','회원-내국인','~10대','F',15
'2018-04-08','회원-내국인','~10대','M',12
'2018-04-08','회원-내국인','20대','F',159
'2018-04-08','회원-내국인','20대','M',152
'2018-04-08','회원-내국인','30대','F',94
'2018-04-08','회원-내국인','30대','M',104
'2018-04-08','회원-내국인','40대','F',55
'2018-04-08','회원-내국인','40대','M',89
'2018-04-08','회원-내국인','50대','F',22
'2018-04-08','회원-내국인','50대','M',31
'2018-04-08','회원-내국인','60대','F',4
'2018-04-08','회원-내국인','60대','M',7
'2018-04-08','회원-내국인','70대~','F',3
'2018-04-09','회원-내국인','~10대','F',23
'2018-04-09','회원-내국인','~10대','M',19
'2018-04-09','회원-내국인','20대','F',442
'2018-04-09','회원-내국인','20대','M',359
'2018-04-09','회원-내국인','30대','F',129
'2018-04-09','회원-내국인','30대','M',189
'2018-04-09','회원-내국인','40대','F',68
'2018-04-09','회원-내국인','40대','M',99
'2018-04-09','회원-내국인','50대','F',30
'2018-04-09','회원-내국인','50대','M',36
'2018-04-09','회원-내국인','60대','F',5
'2018-04-09','회원-내국인','60대','M',6
'2018-04-09','회원-내국인','70대~','F',3
'2018-04-09','회원-내국인','70대~','M',3
'2018-04-10','회원-내국인','~10대','F',13
'2018-04-10','회원-내국인','~10대','M',11
'2018-04-10','회원-내국인','20대','F',346
'2018-04-10','회원-내국인','20대','M',254
'2018-04-10','회원-내국인','30대','F',137
'2018-04-10','회원-내국인','30대','M',166
'2018-04-10','회원-내국인','40대','F',58
'2018-04-10','회원-내국인','40대','M',72
'2018-04-10','회원-내국인','50대','F',31
'2018-04-10','회원-내국인','50대','M',44
'2018-04-10','회원-내국인','60대','F',2
'2018-04-10','회원-내국인','60대','M',9
'2018-04-10','회원-내국인','70대~','F',2
'2018-04-10','회원-내국인','70대~','M',4
'2018-04-11','회원-내국인','~10대','F',19
'2018-04-11','회원-내국인','~10대','M',12
'2018-04-11','회원-내국인','20대','F',324
'2018-04-11','회원-내국인','20대','M',303
'2018-04-11','회원-내국인','30대','F',115
'2018-04-11','회원-내국인','30대','M',148
'2018-04-11','회원-내국인','40대','F',43
'2018-04-11','회원-내국인','40대','M',97
'2018-04-11','회원-내국인','50대','F',22
'2018-04-11','회원-내국인','50대','M',51
'2018-04-11','회원-내국인','60대','F',10
'2018-04-11','회원-내국인','60대','M',8
'2018-04-11','회원-내국인','70대~','F',3
'2018-04-11','회원-내국인','70대~','M',3
'2018-04-12','회원-내국인','~10대','F',34
'2018-04-12','회원-내국인','~10대','M',24
'2018-04-12','회원-내국인','20대','F',523
'2018-04-12','회원-내국인','20대','M',390
'2018-04-12','회원-내국인','30대','F',173
'2018-04-12','회원-내국인','30대','M',190
'2018-04-12','회원-내국인','40대','F',71
'2018-04-12','회원-내국인','40대','M',111
'2018-04-12','회원-내국인','50대','F',29
'2018-04-12','회원-내국인','50대','M',53
'2018-04-12','회원-내국인','60대','F',2
'2018-04-12','회원-내국인','60대','M',11
'2018-04-12','회원-내국인','70대~','F',2
'2018-04-13','회원-내국인','~10대','F',27
'2018-04-13','회원-내국인','~10대','M',25
'2018-04-13','회원-내국인','20대','F',476
'2018-04-13','회원-내국인','20대','M',388
'2018-04-13','회원-내국인','30대','F',149
'2018-04-13','회원-내국인','30대','M',216
'2018-04-13','회원-내국인','40대','F',67
'2018-04-13','회원-내국인','40대','M',97
'2018-04-13','회원-내국인','50대','F',20
'2018-04-13','회원-내국인','50대','M',42
'2018-04-13','회원-내국인','60대','F',4
'2018-04-13','회원-내국인','60대','M',9
'2018-04-13','회원-내국인','70대~','F',2
'2018-04-13','회원-내국인','70대~','M',2
'2018-04-14','회원-내국인','~10대','F',8
'2018-04-14','회원-내국인','~10대','M',21
'2018-04-14','회원-내국인','20대','F',162
'2018-04-14','회원-내국인','20대','M',155
'2018-04-14','회원-내국인','30대','F',52
'2018-04-14','회원-내국인','30대','M',83
'2018-04-14','회원-내국인','40대','F',39
'2018-04-14','회원-내국인','40대','M',72
'2018-04-14','회원-내국인','50대','F',24
'2018-04-14','회원-내국인','50대','M',24
'2018-04-14','회원-내국인','60대','F',4
'2018-04-14','회원-내국인','60대','M',10
'2018-04-14','회원-내국인','70대~','F',1
'2018-04-14','회원-내국인','70대~','M',1
'2018-04-15','회원-내국인','~10대','F',26
'2018-04-15','회원-내국인','~10대','M',24
'2018-04-15','회원-내국인','20대','F',452
'2018-04-15','회원-내국인','20대','M',345
'2018-04-15','회원-내국인','30대','F',176
'2018-04-15','회원-내국인','30대','M',195
'2018-04-15','회원-내국인','40대','F',79
'2018-04-15','회원-내국인','40대','M',115
'2018-04-15','회원-내국인','50대','F',43
'2018-04-15','회원-내국인','50대','M',44
'2018-04-15','회원-내국인','60대','F',6
'2018-04-15','회원-내국인','60대','M',9
'2018-04-15','회원-내국인','70대~','F',2
'2018-04-16','회원-내국인','~10대','F',29
'2018-04-16','회원-내국인','~10대','M',10
'2018-04-16','회원-내국인','20대','F',457
'2018-04-16','회원-내국인','20대','M',330
'2018-04-16','회원-내국인','30대','F',208
'2018-04-16','회원-내국인','30대','M',228
'2018-04-16','회원-내국인','40대','F',91
'2018-04-16','회원-내국인','40대','M',119
'2018-04-16','회원-내국인','50대','F',35
'2018-04-16','회원-내국인','50대','M',45
'2018-04-16','회원-내국인','60대','F',5
'2018-04-16','회원-내국인','60대','M',11
'2018-04-16','회원-내국인','70대~','F',2
'2018-04-16','회원-내국인','70대~','M',3
'2018-04-17','회원-내국인','~10대','F',13
'2018-04-17','회원-내국인','~10대','M',19
'2018-04-17','회원-내국인','20대','F',460
'2018-04-17','회원-내국인','20대','M',350
'2018-04-17','회원-내국인','30대','F',178
'2018-04-17','회원-내국인','30대','M',203
'2018-04-17','회원-내국인','40대','F',61
'2018-04-17','회원-내국인','40대','M',110
'2018-04-17','회원-내국인','50대','F',48
'2018-04-17','회원-내국인','50대','M',35
'2018-04-17','회원-내국인','60대','F',4
'2018-04-17','회원-내국인','60대','M',11
'2018-04-17','회원-내국인','70대~','F',2
'2018-04-18','회원-내국인','~10대','F',26
'2018-04-18','회원-내국인','~10대','M',19
'2018-04-18','회원-내국인','20대','F',469
'2018-04-18','회원-내국인','20대','M',311
'2018-04-18','회원-내국인','30대','F',192
'2018-04-18','회원-내국인','30대','M',198
'2018-04-18','회원-내국인','40대','F',90
'2018-04-18','회원-내국인','40대','M',129
'2018-04-18','회원-내국인','50대','F',60
'2018-04-18','회원-내국인','50대','M',82
'2018-04-18','회원-내국인','60대','F',9
'2018-04-18','회원-내국인','60대','M',22
'2018-04-18','회원-내국인','70대~','F',4
'2018-04-18','회원-내국인','70대~','M',5
'2018-04-19','회원-내국인','~10대','F',23
'2018-04-19','회원-내국인','~10대','M',16
'2018-04-19','회원-내국인','20대','F',477
'2018-04-19','회원-내국인','20대','M',337
'2018-04-19','회원-내국인','30대','F',167
'2018-04-19','회원-내국인','30대','M',184
'2018-04-19','회원-내국인','40대','F',77
'2018-04-19','회원-내국인','40대','M',108
'2018-04-19','회원-내국인','50대','F',42
'2018-04-19','회원-내국인','50대','M',42
'2018-04-19','회원-내국인','60대','F',8
'2018-04-19','회원-내국인','60대','M',7
'2018-04-19','회원-내국인','70대~','F',3
'2018-04-19','회원-내국인','70대~','M',1
'2018-04-20','회원-내국인','~10대','F',26
'2018-04-20','회원-내국인','~10대','M',27
'2018-04-20','회원-내국인','20대','F',511
'2018-04-20','회원-내국인','20대','M',343
'2018-04-20','회원-내국인','30대','F',160
'2018-04-20','회원-내국인','30대','M',202
'2018-04-20','회원-내국인','40대','F',67
'2018-04-20','회원-내국인','40대','M',105
'2018-04-20','회원-내국인','50대','F',31
'2018-04-20','회원-내국인','50대','M',54
'2018-04-20','회원-내국인','60대','F',5
'2018-04-20','회원-내국인','60대','M',13
'2018-04-20','회원-내국인','70대~','F',2
'2018-04-21','회원-내국인','~10대','F',47
'2018-04-21','회원-내국인','~10대','M',43
'2018-04-21','회원-내국인','20대','F',1049
'2018-04-21','회원-내국인','20대','M',820
'2018-04-21','회원-내국인','30대','F',384
'2018-04-21','회원-내국인','30대','M',431
'2018-04-21','회원-내국인','40대','F',125
'2018-04-21','회원-내국인','40대','M',178
'2018-04-21','회원-내국인','50대','F',58
'2018-04-21','회원-내국인','50대','M',69
'2018-04-21','회원-내국인','60대','F',12
'2018-04-21','회원-내국인','60대','M',20
'2018-04-21','회원-내국인','70대~','F',3
'2018-04-21','회원-내국인','70대~','M',5
'2018-04-22','회원-내국인','~10대','F',18
'2018-04-22','회원-내국인','~10대','M',13
'2018-04-22','회원-내국인','20대','F',189
'2018-04-22','회원-내국인','20대','M',237
'2018-04-22','회원-내국인','30대','F',109
'2018-04-22','회원-내국인','30대','M',118
'2018-04-22','회원-내국인','40대','F',67
'2018-04-22','회원-내국인','40대','M',102
'2018-04-22','회원-내국인','50대','F',23
'2018-04-22','회원-내국인','50대','M',54
'2018-04-22','회원-내국인','60대','F',7
'2018-04-22','회원-내국인','60대','M',11
'2018-04-22','회원-내국인','70대~','F',2
'2018-04-22','회원-내국인','70대~','M',1
'2018-04-23','회원-내국인','~10대','F',6
'2018-04-23','회원-내국인','~10대','M',6
'2018-04-23','회원-내국인','20대','F',72
'2018-04-23','회원-내국인','20대','M',47
'2018-04-23','회원-내국인','30대','F',54
'2018-04-23','회원-내국인','30대','M',40
'2018-04-23','회원-내국인','40대','F',14
'2018-04-23','회원-내국인','40대','M',28
'2018-04-23','회원-내국인','50대','F',14
'2018-04-23','회원-내국인','50대','M',13
'2018-04-23','회원-내국인','60대','F',3
'2018-04-23','회원-내국인','60대','M',6
'2018-04-23','회원-내국인','70대~','M',1
'2018-04-24','회원-내국인','~10대','F',18
'2018-04-24','회원-내국인','~10대','M',19
'2018-04-24','회원-내국인','20대','F',281
'2018-04-24','회원-내국인','20대','M',193
'2018-04-24','회원-내국인','30대','F',125
'2018-04-24','회원-내국인','30대','M',137
'2018-04-24','회원-내국인','40대','F',47
'2018-04-24','회원-내국인','40대','M',70
'2018-04-24','회원-내국인','50대','F',29
'2018-04-24','회원-내국인','50대','M',26
'2018-04-24','회원-내국인','60대','F',5
'2018-04-24','회원-내국인','60대','M',4
'2018-04-24','회원-내국인','70대~','F',4
'2018-04-24','회원-내국인','70대~','M',1
'2018-04-25','회원-내국인','~10대','F',42
'2018-04-25','회원-내국인','~10대','M',21
'2018-04-25','회원-내국인','20대','F',623
'2018-04-25','회원-내국인','20대','M',386
'2018-04-25','회원-내국인','30대','F',198
'2018-04-25','회원-내국인','30대','M',253
'2018-04-25','회원-내국인','40대','F',72
'2018-04-25','회원-내국인','40대','M',119
'2018-04-25','회원-내국인','50대','F',40
'2018-04-25','회원-내국인','50대','M',45
'2018-04-25','회원-내국인','60대','F',8
'2018-04-25','회원-내국인','60대','M',7
'2018-04-25','회원-내국인','70대~','M',5
'2018-04-26','회원-내국인','~10대','F',46
'2018-04-26','회원-내국인','~10대','M',30
'2018-04-26','회원-내국인','20대','F',564
'2018-04-26','회원-내국인','20대','M',425
'2018-04-26','회원-내국인','30대','F',225
'2018-04-26','회원-내국인','30대','M',204
'2018-04-26','회원-내국인','40대','F',75
'2018-04-26','회원-내국인','40대','M',155
'2018-04-26','회원-내국인','50대','F',38
'2018-04-26','회원-내국인','50대','M',48
'2018-04-26','회원-내국인','60대','F',8
'2018-04-26','회원-내국인','60대','M',19
'2018-04-26','회원-내국인','70대~','F',3
'2018-04-26','회원-내국인','70대~','M',8
'2018-04-27','회원-내국인','~10대','F',48
'2018-04-27','회원-내국인','~10대','M',40
'2018-04-27','회원-내국인','20대','F',708
'2018-04-27','회원-내국인','20대','M',479
'2018-04-27','회원-내국인','30대','F',227
'2018-04-27','회원-내국인','30대','M',284
'2018-04-27','회원-내국인','40대','F',117
'2018-04-27','회원-내국인','40대','M',146
'2018-04-27','회원-내국인','50대','F',30
'2018-04-27','회원-내국인','50대','M',50
'2018-04-27','회원-내국인','60대','F',6
'2018-04-27','회원-내국인','60대','M',13
'2018-04-27','회원-내국인','70대~','F',4
'2018-04-27','회원-내국인','70대~','M',4
'2018-04-28','회원-내국인','~10대','F',77
'2018-04-28','회원-내국인','~10대','M',58
'2018-04-28','회원-내국인','20대','F',1128
'2018-04-28','회원-내국인','20대','M',864
'2018-04-28','회원-내국인','30대','F',348
'2018-04-28','회원-내국인','30대','M',402
'2018-04-28','회원-내국인','40대','F',143
'2018-04-28','회원-내국인','40대','M',189
'2018-04-28','회원-내국인','50대','F',69
'2018-04-28','회원-내국인','50대','M',65
'2018-04-28','회원-내국인','60대','F',11
'2018-04-28','회원-내국인','60대','M',19
'2018-04-28','회원-내국인','70대~','F',4
'2018-04-28','회원-내국인','70대~','M',2
'2018-04-29','회원-내국인','~10대','F',79
'2018-04-29','회원-내국인','~10대','M',59
'2018-04-29','회원-내국인','20대','F',1254
'2018-04-29','회원-내국인','20대','M',990
'2018-04-29','회원-내국인','30대','F',427
'2018-04-29','회원-내국인','30대','M',482
'2018-04-29','회원-내국인','40대','F',194
'2018-04-29','회원-내국인','40대','M',242
'2018-04-29','회원-내국인','50대','F',70
'2018-04-29','회원-내국인','50대','M',67
'2018-04-29','회원-내국인','60대','F',14
'2018-04-29','회원-내국인','60대','M',24
'2018-04-29','회원-내국인','70대~','F',6
'2018-04-29','회원-내국인','70대~','M',1
'2018-04-30','회원-내국인','~10대','F',56
'2018-04-30','회원-내국인','~10대','M',36
'2018-04-30','회원-내국인','20대','F',694
'2018-04-30','회원-내국인','20대','M',509
'2018-04-30','회원-내국인','30대','F',197
'2018-04-30','회원-내국인','30대','M',268
'2018-04-30','회원-내국인','40대','F',72
'2018-04-30','회원-내국인','40대','M',115
'2018-04-30','회원-내국인','50대','F',41
'2018-04-30','회원-내국인','50대','M',47
'2018-04-30','회원-내국인','60대','F',5
'2018-04-30','회원-내국인','60대','M',10
'2018-04-30','회원-내국인','70대~','F',3
'2018-04-30','회원-내국인','70대~','M',5
'2018-05-01','회원-내국인','~10대','F',69
'2018-05-01','회원-내국인','~10대','M',41
'2018-05-01','회원-내국인','20대','F',936
'2018-05-01','회원-내국인','20대','M',646
'2018-05-01','회원-내국인','30대','F',288
'2018-05-01','회원-내국인','30대','M',358
'2018-05-01','회원-내국인','40대','F',119
'2018-05-01','회원-내국인','40대','M',179
'2018-05-01','회원-내국인','50대','F',41
'2018-05-01','회원-내국인','50대','M',58
'2018-05-01','회원-내국인','60대','F',14
'2018-05-01','회원-내국인','60대','M',13
'2018-05-01','회원-내국인','70대~','F',1
'2018-05-01','회원-내국인','70대~','M',2
'2018-05-02','회원-내국인','~10대','F',16
'2018-05-02','회원-내국인','~10대','M',15
'2018-05-02','회원-내국인','20대','F',159
'2018-05-02','회원-내국인','20대','M',138
'2018-05-02','회원-내국인','30대','F',68
'2018-05-02','회원-내국인','30대','M',81
'2018-05-02','회원-내국인','40대','F',39
'2018-05-02','회원-내국인','40대','M',62
'2018-05-02','회원-내국인','50대','F',17
'2018-05-02','회원-내국인','50대','M',40
'2018-05-02','회원-내국인','60대','F',6
'2018-05-02','회원-내국인','60대','M',9
'2018-05-02','회원-내국인','70대~','F',1
'2018-05-03','회원-내국인','~10대','F',27
'2018-05-03','회원-내국인','~10대','M',19
'2018-05-03','회원-내국인','20대','F',307
'2018-05-03','회원-내국인','20대','M',230
'2018-05-03','회원-내국인','30대','F',127
'2018-05-03','회원-내국인','30대','M',153
'2018-05-03','회원-내국인','40대','F',70
'2018-05-03','회원-내국인','40대','M',94
'2018-05-03','회원-내국인','50대','F',17
'2018-05-03','회원-내국인','50대','M',33
'2018-05-03','회원-내국인','60대','F',8
'2018-05-03','회원-내국인','60대','M',5
'2018-05-03','회원-내국인','70대~','F',2
'2018-05-03','회원-내국인','70대~','M',3
'2018-05-04','회원-내국인','~10대','F',47
'2018-05-04','회원-내국인','~10대','M',27
'2018-05-04','회원-내국인','20대','F',533
'2018-05-04','회원-내국인','20대','M',418
'2018-05-04','회원-내국인','30대','F',169
'2018-05-04','회원-내국인','30대','M',197
'2018-05-04','회원-내국인','40대','F',84
'2018-05-04','회원-내국인','40대','M',116
'2018-05-04','회원-내국인','50대','F',32
'2018-05-04','회원-내국인','50대','M',38
'2018-05-04','회원-내국인','60대','F',5
'2018-05-04','회원-내국인','60대','M',14
'2018-05-04','회원-내국인','70대~','F',3
'2018-05-04','회원-내국인','70대~','M',2
'2018-05-05','회원-내국인','~10대','F',119
'2018-05-05','회원-내국인','~10대','M',67
'2018-05-05','회원-내국인','20대','F',1156
'2018-05-05','회원-내국인','20대','M',1002
'2018-05-05','회원-내국인','30대','F',361
'2018-05-05','회원-내국인','30대','M',444
'2018-05-05','회원-내국인','40대','F',216
'2018-05-05','회원-내국인','40대','M',226
'2018-05-05','회원-내국인','50대','F',71
'2018-05-05','회원-내국인','50대','M',60
'2018-05-05','회원-내국인','60대','F',13
'2018-05-05','회원-내국인','60대','M',11
'2018-05-05','회원-내국인','70대~','F',10
'2018-05-05','회원-내국인','70대~','M',8
'2018-05-06','회원-내국인','~10대','F',74
'2018-05-06','회원-내국인','~10대','M',49
'2018-05-06','회원-내국인','20대','F',648
'2018-05-06','회원-내국인','20대','M',595
'2018-05-06','회원-내국인','30대','F',240
'2018-05-06','회원-내국인','30대','M',303
'2018-05-06','회원-내국인','40대','F',112
'2018-05-06','회원-내국인','40대','M',120
'2018-05-06','회원-내국인','50대','F',46
'2018-05-06','회원-내국인','50대','M',65
'2018-05-06','회원-내국인','60대','F',15
'2018-05-06','회원-내국인','60대','M',13
'2018-05-06','회원-내국인','70대~','F',4
'2018-05-06','회원-내국인','70대~','M',4
'2018-05-07','회원-내국인','~10대','F',118
'2018-05-07','회원-내국인','~10대','M',83
'2018-05-07','회원-내국인','20대','F',1372
'2018-05-07','회원-내국인','20대','M',1153
'2018-05-07','회원-내국인','30대','F',505
'2018-05-07','회원-내국인','30대','M',561
'2018-05-07','회원-내국인','40대','F',238
'2018-05-07','회원-내국인','40대','M',291
'2018-05-07','회원-내국인','50대','F',95
'2018-05-07','회원-내국인','50대','M',100
'2018-05-07','회원-내국인','60대','F',13
'2018-05-07','회원-내국인','60대','M',25
'2018-05-07','회원-내국인','70대~','F',4
'2018-05-07','회원-내국인','70대~','M',7
'2018-05-08','회원-내국인','~10대','F',44
'2018-05-08','회원-내국인','~10대','M',30
'2018-05-08','회원-내국인','20대','F',565
'2018-05-08','회원-내국인','20대','M',432
'2018-05-08','회원-내국인','30대','F',246
'2018-05-08','회원-내국인','30대','M',249
'2018-05-08','회원-내국인','40대','F',80
'2018-05-08','회원-내국인','40대','M',122
'2018-05-08','회원-내국인','50대','F',45
'2018-05-08','회원-내국인','50대','M',52
'2018-05-08','회원-내국인','60대','F',6
'2018-05-08','회원-내국인','60대','M',13
'2018-05-08','회원-내국인','70대~','F',3
'2018-05-08','회원-내국인','70대~','M',4
'2018-05-09','회원-내국인','~10대','F',39
'2018-05-09','회원-내국인','~10대','M',26
'2018-05-09','회원-내국인','20대','F',711
'2018-05-09','회원-내국인','20대','M',507
'2018-05-09','회원-내국인','30대','F',262
'2018-05-09','회원-내국인','30대','M',321
'2018-05-09','회원-내국인','40대','F',93
'2018-05-09','회원-내국인','40대','M',151
'2018-05-09','회원-내국인','50대','F',37
'2018-05-09','회원-내국인','50대','M',62
'2018-05-09','회원-내국인','60대','F',7
'2018-05-09','회원-내국인','60대','M',18
'2018-05-09','회원-내국인','70대~','F',4
'2018-05-09','회원-내국인','70대~','M',2
'2018-05-10','회원-내국인','~10대','F',41
'2018-05-10','회원-내국인','~10대','M',33
'2018-05-10','회원-내국인','20대','F',597
'2018-05-10','회원-내국인','20대','M',427
'2018-05-10','회원-내국인','30대','F',239
'2018-05-10','회원-내국인','30대','M',253
'2018-05-10','회원-내국인','40대','F',100
'2018-05-10','회원-내국인','40대','M',130
'2018-05-10','회원-내국인','50대','F',27
'2018-05-10','회원-내국인','50대','M',45
'2018-05-10','회원-내국인','60대','F',3
'2018-05-10','회원-내국인','60대','M',13
'2018-05-10','회원-내국인','70대~','F',2
'2018-05-10','회원-내국인','70대~','M',7
'2018-05-11','회원-내국인','~10대','F',45
'2018-05-11','회원-내국인','~10대','M',43
'2018-05-11','회원-내국인','20대','F',575
'2018-05-11','회원-내국인','20대','M',435
'2018-05-11','회원-내국인','30대','F',185
'2018-05-11','회원-내국인','30대','M',219
'2018-05-11','회원-내국인','40대','F',82
'2018-05-11','회원-내국인','40대','M',130
'2018-05-11','회원-내국인','50대','F',32
'2018-05-11','회원-내국인','50대','M',58
'2018-05-11','회원-내국인','60대','F',7
'2018-05-11','회원-내국인','60대','M',16
'2018-05-11','회원-내국인','70대~','F',2
'2018-05-11','회원-내국인','70대~','M',1
'2018-05-12','회원-내국인','~10대','F',13
'2018-05-12','회원-내국인','~10대','M',9
'2018-05-12','회원-내국인','20대','F',129
'2018-05-12','회원-내국인','20대','M',153
'2018-05-12','회원-내국인','30대','F',43
'2018-05-12','회원-내국인','30대','M',58
'2018-05-12','회원-내국인','40대','F',41
'2018-05-12','회원-내국인','40대','M',35
'2018-05-12','회원-내국인','50대','F',23
'2018-05-12','회원-내국인','50대','M',21
'2018-05-12','회원-내국인','60대','F',3
'2018-05-12','회원-내국인','60대','M',7
'2018-05-12','회원-내국인','70대~','M',1
'2018-05-13','회원-내국인','~10대','F',75
'2018-05-13','회원-내국인','~10대','M',57
'2018-05-13','회원-내국인','20대','F',995
'2018-05-13','회원-내국인','20대','M',781
'2018-05-13','회원-내국인','30대','F',401
'2018-05-13','회원-내국인','30대','M',502
'2018-05-13','회원-내국인','40대','F',194
'2018-05-13','회원-내국인','40대','M',227
'2018-05-13','회원-내국인','50대','F',74
'2018-05-13','회원-내국인','50대','M',64
'2018-05-13','회원-내국인','60대','F',13
'2018-05-13','회원-내국인','60대','M',13
'2018-05-13','회원-내국인','70대~','F',5
'2018-05-13','회원-내국인','70대~','M',6
'2018-05-15','회원-내국인','~10대','F',46
'2018-05-15','회원-내국인','~10대','M',34
'2018-05-15','회원-내국인','20대','F',532
'2018-05-15','회원-내국인','20대','M',370
'2018-05-15','회원-내국인','30대','F',177
'2018-05-15','회원-내국인','30대','M',201
'2018-05-15','회원-내국인','40대','F',68
'2018-05-15','회원-내국인','40대','M',119
'2018-05-15','회원-내국인','50대','F',46
'2018-05-15','회원-내국인','50대','M',48
'2018-05-15','회원-내국인','60대','F',6
'2018-05-15','회원-내국인','60대','M',8
'2018-05-15','회원-내국인','70대~','F',2
'2018-05-15','회원-내국인','70대~','M',2
'2018-05-16','회원-내국인','~10대','F',8
'2018-05-16','회원-내국인','~10대','M',7
'2018-05-16','회원-내국인','20대','F',126
'2018-05-16','회원-내국인','20대','M',106
'2018-05-16','회원-내국인','30대','F',76
'2018-05-16','회원-내국인','30대','M',100
'2018-05-16','회원-내국인','40대','F',37
'2018-05-16','회원-내국인','40대','M',85
'2018-05-16','회원-내국인','50대','F',12
'2018-05-16','회원-내국인','50대','M',56
'2018-05-16','회원-내국인','60대','F',2
'2018-05-16','회원-내국인','60대','M',14
'2018-05-16','회원-내국인','70대~','F',2
'2018-05-16','회원-내국인','70대~','M',3
'2018-05-17','회원-내국인','~10대','F',3
'2018-05-17','회원-내국인','~10대','M',6
'2018-05-17','회원-내국인','20대','F',49
'2018-05-17','회원-내국인','20대','M',42
'2018-05-17','회원-내국인','30대','F',43
'2018-05-17','회원-내국인','30대','M',53
'2018-05-17','회원-내국인','40대','F',25
'2018-05-17','회원-내국인','40대','M',49
'2018-05-17','회원-내국인','50대','F',10
'2018-05-17','회원-내국인','50대','M',20
'2018-05-17','회원-내국인','60대','F',2
'2018-05-17','회원-내국인','60대','M',7
'2018-05-17','회원-내국인','70대~','M',3
'2018-05-18','회원-내국인','~10대','F',13
'2018-05-18','회원-내국인','~10대','M',16
'2018-05-18','회원-내국인','20대','F',242
'2018-05-18','회원-내국인','20대','M',223
'2018-05-18','회원-내국인','30대','F',94
'2018-05-18','회원-내국인','30대','M',111
'2018-05-18','회원-내국인','40대','F',41
'2018-05-18','회원-내국인','40대','M',55
'2018-05-18','회원-내국인','50대','F',24
'2018-05-18','회원-내국인','50대','M',31
'2018-05-18','회원-내국인','60대','F',5
'2018-05-18','회원-내국인','60대','M',10
'2018-05-18','회원-내국인','70대~','M',1
'2018-05-19','회원-내국인','~10대','F',109
'2018-05-19','회원-내국인','~10대','M',58
'2018-05-19','회원-내국인','20대','F',1347
'2018-05-19','회원-내국인','20대','M',1127
'2018-05-19','회원-내국인','30대','F',478
'2018-05-19','회원-내국인','30대','M',557
'2018-05-19','회원-내국인','40대','F',205
'2018-05-19','회원-내국인','40대','M',258
'2018-05-19','회원-내국인','50대','F',86
'2018-05-19','회원-내국인','50대','M',75
'2018-05-19','회원-내국인','60대','F',12
'2018-05-19','회원-내국인','60대','M',18
'2018-05-19','회원-내국인','70대~','F',6
'2018-05-19','회원-내국인','70대~','M',6
'2018-05-20','회원-내국인','~10대','F',105
'2018-05-20','회원-내국인','~10대','M',82
'2018-05-20','회원-내국인','20대','F',1113
'2018-05-20','회원-내국인','20대','M',969
'2018-05-20','회원-내국인','30대','F',437
'2018-05-20','회원-내국인','30대','M',520
'2018-05-20','회원-내국인','40대','F',193
'2018-05-20','회원-내국인','40대','M',264
'2018-05-20','회원-내국인','50대','F',89
'2018-05-20','회원-내국인','50대','M',80
'2018-05-20','회원-내국인','60대','F',16
'2018-05-20','회원-내국인','60대','M',25
'2018-05-20','회원-내국인','70대~','F',3
'2018-05-20','회원-내국인','70대~','M',6
'2018-05-21','회원-내국인','~10대','F',70
'2018-05-21','회원-내국인','~10대','M',55
'2018-05-21','회원-내국인','20대','F',933
'2018-05-21','회원-내국인','20대','M',678
'2018-05-21','회원-내국인','30대','F',370
'2018-05-21','회원-내국인','30대','M',409
'2018-05-21','회원-내국인','40대','F',145
'2018-05-21','회원-내국인','40대','M',181
'2018-05-21','회원-내국인','50대','F',52
'2018-05-21','회원-내국인','50대','M',58
'2018-05-21','회원-내국인','60대','F',11
'2018-05-21','회원-내국인','60대','M',11
'2018-05-21','회원-내국인','70대~','F',5
'2018-05-21','회원-내국인','70대~','M',6
'2018-05-22','회원-내국인','~10대','F',44
'2018-05-22','회원-내국인','~10대','M',36
'2018-05-22','회원-내국인','20대','F',456
'2018-05-22','회원-내국인','20대','M',357
'2018-05-22','회원-내국인','30대','F',280
'2018-05-22','회원-내국인','30대','M',267
'2018-05-22','회원-내국인','40대','F',163
'2018-05-22','회원-내국인','40대','M',213
'2018-05-22','회원-내국인','50대','F',59
'2018-05-22','회원-내국인','50대','M',61
'2018-05-22','회원-내국인','60대','F',7
'2018-05-22','회원-내국인','60대','M',17
'2018-05-22','회원-내국인','70대~','F',3
'2018-05-22','회원-내국인','70대~','M',3
'2018-05-23','회원-내국인','~10대','F',49
'2018-05-23','회원-내국인','~10대','M',24
'2018-05-23','회원-내국인','20대','F',568
'2018-05-23','회원-내국인','20대','M',381
'2018-05-23','회원-내국인','30대','F',161
'2018-05-23','회원-내국인','30대','M',212
'2018-05-23','회원-내국인','40대','F',82
'2018-05-23','회원-내국인','40대','M',99
'2018-05-23','회원-내국인','50대','F',43
'2018-05-23','회원-내국인','50대','M',46
'2018-05-23','회원-내국인','60대','F',9
'2018-05-23','회원-내국인','60대','M',12
'2018-05-23','회원-내국인','70대~','F',4
'2018-05-23','회원-내국인','70대~','M',3
'2018-05-24','회원-내국인','~10대','F',50
'2018-05-24','회원-내국인','~10대','M',29
'2018-05-24','회원-내국인','20대','F',520
'2018-05-24','회원-내국인','20대','M',406
'2018-05-24','회원-내국인','30대','F',181
'2018-05-24','회원-내국인','30대','M',231
'2018-05-24','회원-내국인','40대','F',80
'2018-05-24','회원-내국인','40대','M',128
'2018-05-24','회원-내국인','50대','F',29
'2018-05-24','회원-내국인','50대','M',56
'2018-05-24','회원-내국인','60대','F',10
'2018-05-24','회원-내국인','60대','M',9
'2018-05-24','회원-내국인','70대~','F',3
'2018-05-25','회원-내국인','~10대','F',50
'2018-05-25','회원-내국인','~10대','M',34
'2018-05-25','회원-내국인','20대','F',566
'2018-05-25','회원-내국인','20대','M',473
'2018-05-25','회원-내국인','30대','F',187
'2018-05-25','회원-내국인','30대','M',219
'2018-05-25','회원-내국인','40대','F',82
'2018-05-25','회원-내국인','40대','M',125
'2018-05-25','회원-내국인','50대','F',41
'2018-05-25','회원-내국인','50대','M',44
'2018-05-25','회원-내국인','60대','F',6
'2018-05-25','회원-내국인','60대','M',7
'2018-05-25','회원-내국인','70대~','F',3
'2018-05-25','회원-내국인','70대~','M',2
'2018-05-26','회원-내국인','~10대','F',86
'2018-05-26','회원-내국인','~10대','M',53
'2018-05-26','회원-내국인','20대','F',974
'2018-05-26','회원-내국인','20대','M',835
'2018-05-26','회원-내국인','30대','F',317
'2018-05-26','회원-내국인','30대','M',425
'2018-05-26','회원-내국인','40대','F',129
'2018-05-26','회원-내국인','40대','M',171
'2018-05-26','회원-내국인','50대','F',65
'2018-05-26','회원-내국인','50대','M',74
'2018-05-26','회원-내국인','60대','F',6
'2018-05-26','회원-내국인','60대','M',5
'2018-05-26','회원-내국인','70대~','F',3
'2018-05-26','회원-내국인','70대~','M',2
'2018-05-27','회원-내국인','~10대','F',96
'2018-05-27','회원-내국인','~10대','M',56
'2018-05-27','회원-내국인','20대','F',989
'2018-05-27','회원-내국인','20대','M',872
'2018-05-27','회원-내국인','30대','F',398
'2018-05-27','회원-내국인','30대','M',500
'2018-05-27','회원-내국인','40대','F',184
'2018-05-27','회원-내국인','40대','M',217
'2018-05-27','회원-내국인','50대','F',88
'2018-05-27','회원-내국인','50대','M',80
'2018-05-27','회원-내국인','60대','F',10
'2018-05-27','회원-내국인','60대','M',22
'2018-05-27','회원-내국인','70대~','F',8
'2018-05-27','회원-내국인','70대~','M',1
'2018-05-28','회원-내국인','~10대','F',44
'2018-05-28','회원-내국인','~10대','M',31
'2018-05-28','회원-내국인','20대','F',685
'2018-05-28','회원-내국인','20대','M',449
'2018-05-28','회원-내국인','30대','F',219
'2018-05-28','회원-내국인','30대','M',272
'2018-05-28','회원-내국인','40대','F',88
'2018-05-28','회원-내국인','40대','M',141
'2018-05-28','회원-내국인','50대','F',51
'2018-05-28','회원-내국인','50대','M',57
'2018-05-28','회원-내국인','60대','F',10
'2018-05-28','회원-내국인','60대','M',15
'2018-05-28','회원-내국인','70대~','',1
'2018-05-28','회원-내국인','70대~','F',2
'2018-05-28','회원-내국인','70대~','M',2
'2018-05-29','회원-내국인','~10대','F',35
'2018-05-29','회원-내국인','~10대','M',21
'2018-05-29','회원-내국인','20대','F',402
'2018-05-29','회원-내국인','20대','M',281
'2018-05-29','회원-내국인','30대','F',157
'2018-05-29','회원-내국인','30대','M',189
'2018-05-29','회원-내국인','40대','F',76
'2018-05-29','회원-내국인','40대','M',123
'2018-05-29','회원-내국인','50대','F',42
'2018-05-29','회원-내국인','50대','M',56
'2018-05-29','회원-내국인','60대','F',6
'2018-05-29','회원-내국인','60대','M',12
'2018-05-29','회원-내국인','70대~','',2
'2018-05-29','회원-내국인','70대~','F',2
'2018-05-29','회원-내국인','70대~','M',4
'2018-05-30','회원-내국인','~10대','F',41
'2018-05-30','회원-내국인','~10대','M',24
'2018-05-30','회원-내국인','20대','F',561
'2018-05-30','회원-내국인','20대','M',437
'2018-05-30','회원-내국인','30대','F',180
'2018-05-30','회원-내국인','30대','M',247
'2018-05-30','회원-내국인','40대','F',81
'2018-05-30','회원-내국인','40대','M',140
'2018-05-30','회원-내국인','50대','F',41
'2018-05-30','회원-내국인','50대','M',72
'2018-05-30','회원-내국인','60대','F',7
'2018-05-30','회원-내국인','60대','M',15
'2018-05-30','회원-내국인','70대~','F',3
'2018-05-30','회원-내국인','70대~','M',4
'2018-05-31','회원-내국인','~10대','F',58
'2018-05-31','회원-내국인','~10대','M',21
'2018-05-31','회원-내국인','20대','F',672
'2018-05-31','회원-내국인','20대','M',480
'2018-05-31','회원-내국인','30대','F',187
'2018-05-31','회원-내국인','30대','M',220
'2018-05-31','회원-내국인','40대','F',82
'2018-05-31','회원-내국인','40대','M',115
'2018-05-31','회원-내국인','50대','F',34
'2018-05-31','회원-내국인','50대','M',45
'2018-05-31','회원-내국인','60대','F',7
'2018-05-31','회원-내국인','60대','M',10
'2018-05-31','회원-내국인','70대~','F',18
'2018-05-31','회원-내국인','70대~','M',23
'2018-06-01','회원-내국인','~10대','F',66
'2018-06-01','회원-내국인','~10대','M',45
'2018-06-01','회원-내국인','20대','F',679
'2018-06-01','회원-내국인','20대','M',528
'2018-06-01','회원-내국인','30대','F',207
'2018-06-01','회원-내국인','30대','M',273
'2018-06-01','회원-내국인','40대','F',82
'2018-06-01','회원-내국인','40대','M',122
'2018-06-01','회원-내국인','50대','F',35
'2018-06-01','회원-내국인','50대','M',50
'2018-06-01','회원-내국인','60대','F',5
'2018-06-01','회원-내국인','60대','M',14
'2018-06-01','회원-내국인','70대~','F',2
'2018-06-01','회원-내국인','70대~','M',1
'2018-06-02','회원-내국인','~10대','F',94
'2018-06-02','회원-내국인','~10대','M',80
'2018-06-02','회원-내국인','20대','F',1109
'2018-06-02','회원-내국인','20대','M',907
'2018-06-02','회원-내국인','30대','F',383
'2018-06-02','회원-내국인','30대','M',448
'2018-06-02','회원-내국인','40대','F',147
'2018-06-02','회원-내국인','40대','M',182
'2018-06-02','회원-내국인','50대','F',68
'2018-06-02','회원-내국인','50대','M',57
'2018-06-02','회원-내국인','60대','F',18
'2018-06-02','회원-내국인','60대','M',12
'2018-06-02','회원-내국인','70대~','F',4
'2018-06-02','회원-내국인','70대~','M',4
'2018-06-03','회원-내국인','~10대','F',113
'2018-06-03','회원-내국인','~10대','M',67
'2018-06-03','회원-내국인','20대','F',1026
'2018-06-03','회원-내국인','20대','M',909
'2018-06-03','회원-내국인','30대','F',348
'2018-06-03','회원-내국인','30대','M',453
'2018-06-03','회원-내국인','40대','F',146
'2018-06-03','회원-내국인','40대','M',232
'2018-06-03','회원-내국인','50대','F',62
'2018-06-03','회원-내국인','50대','M',77
'2018-06-03','회원-내국인','60대','F',11
'2018-06-03','회원-내국인','60대','M',13
'2018-06-03','회원-내국인','70대~','F',3
'2018-06-03','회원-내국인','70대~','M',2
'2018-06-04','회원-내국인','~10대','F',52
'2018-06-04','회원-내국인','~10대','M',41
'2018-06-04','회원-내국인','20대','F',693
'2018-06-04','회원-내국인','20대','M',523
'2018-06-04','회원-내국인','30대','F',248
'2018-06-04','회원-내국인','30대','M',277
'2018-06-04','회원-내국인','40대','F',85
'2018-06-04','회원-내국인','40대','M',142
'2018-06-04','회원-내국인','50대','F',31
'2018-06-04','회원-내국인','50대','M',52
'2018-06-04','회원-내국인','60대','F',15
'2018-06-04','회원-내국인','60대','M',16
'2018-06-04','회원-내국인','70대~','F',2
'2018-06-04','회원-내국인','70대~','M',3
'2018-06-05','회원-내국인','~10대','F',59
'2018-06-05','회원-내국인','~10대','M',36
'2018-06-05','회원-내국인','20대','F',719
'2018-06-05','회원-내국인','20대','M',501
'2018-06-05','회원-내국인','30대','F',229
'2018-06-05','회원-내국인','30대','M',269
'2018-06-05','회원-내국인','40대','F',87
'2018-06-05','회원-내국인','40대','M',159
'2018-06-05','회원-내국인','50대','F',46
'2018-06-05','회원-내국인','50대','M',57
'2018-06-05','회원-내국인','60대','F',6
'2018-06-05','회원-내국인','60대','M',9
'2018-06-05','회원-내국인','70대~','F',3
'2018-06-05','회원-내국인','70대~','M',4
'2018-06-06','회원-내국인','~10대','F',79
'2018-06-06','회원-내국인','~10대','M',86
'2018-06-06','회원-내국인','20대','F',1266
'2018-06-06','회원-내국인','20대','M',968
'2018-06-06','회원-내국인','30대','F',446
'2018-06-06','회원-내국인','30대','M',548
'2018-06-06','회원-내국인','40대','F',178
'2018-06-06','회원-내국인','40대','M',246
'2018-06-06','회원-내국인','50대','F',81
'2018-06-06','회원-내국인','50대','M',90
'2018-06-06','회원-내국인','60대','F',13
'2018-06-06','회원-내국인','60대','M',20
'2018-06-06','회원-내국인','70대~','F',17
'2018-06-06','회원-내국인','70대~','M',14
'2018-06-07','회원-내국인','~10대','F',42
'2018-06-07','회원-내국인','~10대','M',32
'2018-06-07','회원-내국인','20대','F',591
'2018-06-07','회원-내국인','20대','M',457
'2018-06-07','회원-내국인','30대','F',190
'2018-06-07','회원-내국인','30대','M',271
'2018-06-07','회원-내국인','40대','F',89
'2018-06-07','회원-내국인','40대','M',126
'2018-06-07','회원-내국인','50대','F',48
'2018-06-07','회원-내국인','50대','M',60
'2018-06-07','회원-내국인','60대','F',10
'2018-06-07','회원-내국인','60대','M',15
'2018-06-07','회원-내국인','70대~','F',6
'2018-06-07','회원-내국인','70대~','M',5
'2018-06-08','회원-내국인','~10대','F',51
'2018-06-08','회원-내국인','~10대','M',42
'2018-06-08','회원-내국인','20대','F',634
'2018-06-08','회원-내국인','20대','M',520
'2018-06-08','회원-내국인','30대','F',214
'2018-06-08','회원-내국인','30대','M',290
'2018-06-08','회원-내국인','40대','F',83
'2018-06-08','회원-내국인','40대','M',135
'2018-06-08','회원-내국인','50대','F',51
'2018-06-08','회원-내국인','50대','M',55
'2018-06-08','회원-내국인','60대','F',15
'2018-06-08','회원-내국인','60대','M',18
'2018-06-08','회원-내국인','70대~','F',2
'2018-06-08','회원-내국인','70대~','M',1
'2018-06-09','회원-내국인','~10대','F',64
'2018-06-09','회원-내국인','~10대','M',36
'2018-06-09','회원-내국인','20대','F',629
'2018-06-09','회원-내국인','20대','M',568
'2018-06-09','회원-내국인','30대','F',248
'2018-06-09','회원-내국인','30대','M',342
'2018-06-09','회원-내국인','40대','F',119
'2018-06-09','회원-내국인','40대','M',184
'2018-06-09','회원-내국인','50대','F',50
'2018-06-09','회원-내국인','50대','M',63
'2018-06-09','회원-내국인','60대','F',3
'2018-06-09','회원-내국인','60대','M',9
'2018-06-09','회원-내국인','70대~','',1
'2018-06-09','회원-내국인','70대~','F',3
'2018-06-09','회원-내국인','70대~','M',6
'2018-06-10','회원-내국인','~10대','F',70
'2018-06-10','회원-내국인','~10대','M',54
'2018-06-10','회원-내국인','20대','F',811
'2018-06-10','회원-내국인','20대','M',692
'2018-06-10','회원-내국인','30대','F',395
'2018-06-10','회원-내국인','30대','M',439
'2018-06-10','회원-내국인','40대','F',175
'2018-06-10','회원-내국인','40대','M',241
'2018-06-10','회원-내국인','50대','F',71
'2018-06-10','회원-내국인','50대','M',92
'2018-06-10','회원-내국인','60대','F',10
'2018-06-10','회원-내국인','60대','M',13
'2018-06-10','회원-내국인','70대~','F',8
'2018-06-10','회원-내국인','70대~','M',3
'2018-06-11','회원-내국인','~10대','F',24
'2018-06-11','회원-내국인','~10대','M',29
'2018-06-11','회원-내국인','20대','F',290
'2018-06-11','회원-내국인','20대','M',286
'2018-06-11','회원-내국인','30대','F',143
'2018-06-11','회원-내국인','30대','M',182
'2018-06-11','회원-내국인','40대','F',67
'2018-06-11','회원-내국인','40대','M',120
'2018-06-11','회원-내국인','50대','F',30
'2018-06-11','회원-내국인','50대','M',39
'2018-06-11','회원-내국인','60대','F',6
'2018-06-11','회원-내국인','60대','M',4
'2018-06-11','회원-내국인','70대~','F',5
'2018-06-11','회원-내국인','70대~','M',4
'2018-06-12','회원-내국인','~10대','F',28
'2018-06-12','회원-내국인','~10대','M',30
'2018-06-12','회원-내국인','20대','F',488
'2018-06-12','회원-내국인','20대','M',386
'2018-06-12','회원-내국인','30대','F',177
'2018-06-12','회원-내국인','30대','M',247
'2018-06-12','회원-내국인','40대','F',72
'2018-06-12','회원-내국인','40대','M',85
'2018-06-12','회원-내국인','50대','F',34
'2018-06-12','회원-내국인','50대','M',46
'2018-06-12','회원-내국인','60대','F',8
'2018-06-12','회원-내국인','60대','M',5
'2018-06-12','회원-내국인','70대~','',1
'2018-06-12','회원-내국인','70대~','F',1
'2018-06-12','회원-내국인','70대~','M',3
'2018-06-13','회원-내국인','~10대','F',48
'2018-06-13','회원-내국인','~10대','M',40
'2018-06-13','회원-내국인','20대','F',675
'2018-06-13','회원-내국인','20대','M',573
'2018-06-13','회원-내국인','30대','F',328
'2018-06-13','회원-내국인','30대','M',458
'2018-06-13','회원-내국인','40대','F',161
'2018-06-13','회원-내국인','40대','M',261
'2018-06-13','회원-내국인','50대','F',74
'2018-06-13','회원-내국인','50대','M',72
'2018-06-13','회원-내국인','60대','F',10
'2018-06-13','회원-내국인','60대','M',17
'2018-06-13','회원-내국인','70대~','F',8
'2018-06-13','회원-내국인','70대~','M',7
'2018-06-14','회원-내국인','~10대','F',19
'2018-06-14','회원-내국인','~10대','M',22
'2018-06-14','회원-내국인','20대','F',307
'2018-06-14','회원-내국인','20대','M',288
'2018-06-14','회원-내국인','30대','F',123
'2018-06-14','회원-내국인','30대','M',172
'2018-06-14','회원-내국인','40대','F',59
'2018-06-14','회원-내국인','40대','M',71
'2018-06-14','회원-내국인','50대','F',39
'2018-06-14','회원-내국인','50대','M',30
'2018-06-14','회원-내국인','60대','F',2
'2018-06-14','회원-내국인','60대','M',13
'2018-06-14','회원-내국인','70대~','F',2
'2018-06-15','회원-내국인','~10대','F',49
'2018-06-15','회원-내국인','~10대','M',24
'2018-06-15','회원-내국인','20대','F',532
'2018-06-15','회원-내국인','20대','M',444
'2018-06-15','회원-내국인','30대','F',191
'2018-06-15','회원-내국인','30대','M',288
'2018-06-15','회원-내국인','40대','F',89
'2018-06-15','회원-내국인','40대','M',154
'2018-06-15','회원-내국인','50대','F',45
'2018-06-15','회원-내국인','50대','M',81
'2018-06-15','회원-내국인','60대','F',7
'2018-06-15','회원-내국인','60대','M',16
'2018-06-15','회원-내국인','70대~','',114
'2018-06-15','회원-내국인','70대~','F',4
'2018-06-15','회원-내국인','70대~','M',3
'2018-06-16','회원-내국인','~10대','F',82
'2018-06-16','회원-내국인','~10대','M',51
'2018-06-16','회원-내국인','20대','F',1048
'2018-06-16','회원-내국인','20대','M',849
'2018-06-16','회원-내국인','30대','F',413
'2018-06-16','회원-내국인','30대','M',525
'2018-06-16','회원-내국인','40대','F',207
'2018-06-16','회원-내국인','40대','M',244
'2018-06-16','회원-내국인','50대','F',76
'2018-06-16','회원-내국인','50대','M',81
'2018-06-16','회원-내국인','60대','F',18
'2018-06-16','회원-내국인','60대','M',37
'2018-06-16','회원-내국인','70대~','F',8
'2018-06-16','회원-내국인','70대~','M',7
'2018-06-17','회원-내국인','~10대','F',73
'2018-06-17','회원-내국인','~10대','M',57
'2018-06-17','회원-내국인','20대','F',980
'2018-06-17','회원-내국인','20대','M',846
'2018-06-17','회원-내국인','30대','F',384
'2018-06-17','회원-내국인','30대','M',517
'2018-06-17','회원-내국인','40대','F',184
'2018-06-17','회원-내국인','40대','M',264
'2018-06-17','회원-내국인','50대','F',72
'2018-06-17','회원-내국인','50대','M',76
'2018-06-17','회원-내국인','60대','F',16
'2018-06-17','회원-내국인','60대','M',22
'2018-06-17','회원-내국인','70대~','F',6
'2018-06-17','회원-내국인','70대~','M',8
'2018-06-18','회원-내국인','~10대','F',16
'2018-06-18','회원-내국인','~10대','M',17
'2018-06-18','회원-내국인','20대','F',223
'2018-06-18','회원-내국인','20대','M',197
'2018-06-18','회원-내국인','30대','F',78
'2018-06-18','회원-내국인','30대','M',95
'2018-06-18','회원-내국인','40대','F',34
'2018-06-18','회원-내국인','40대','M',51
'2018-06-18','회원-내국인','50대','F',15
'2018-06-18','회원-내국인','50대','M',20
'2018-06-18','회원-내국인','60대','F',2
'2018-06-18','회원-내국인','60대','M',5
'2018-06-18','회원-내국인','70대~','',797
'2018-06-18','회원-내국인','70대~','F',1
'2018-06-18','회원-내국인','70대~','M',2
'2018-06-19','회원-내국인','~10대','F',43
'2018-06-19','회원-내국인','~10대','M',47
'2018-06-19','회원-내국인','20대','F',487
'2018-06-19','회원-내국인','20대','M',405
'2018-06-19','회원-내국인','30대','F',176
'2018-06-19','회원-내국인','30대','M',264
'2018-06-19','회원-내국인','40대','F',67
'2018-06-19','회원-내국인','40대','M',122
'2018-06-19','회원-내국인','50대','F',47
'2018-06-19','회원-내국인','50대','M',49
'2018-06-19','회원-내국인','60대','F',7
'2018-06-19','회원-내국인','60대','M',14
'2018-06-19','회원-내국인','70대~','',253
'2018-06-19','회원-내국인','70대~','F',3
'2018-06-19','회원-내국인','70대~','M',2
'2018-06-20','회원-내국인','~10대','F',16
'2018-06-20','회원-내국인','~10대','M',16
'2018-06-20','회원-내국인','20대','F',247
'2018-06-20','회원-내국인','20대','M',227
'2018-06-20','회원-내국인','30대','F',104
'2018-06-20','회원-내국인','30대','M',121
'2018-06-20','회원-내국인','40대','F',51
'2018-06-20','회원-내국인','40대','M',85
'2018-06-20','회원-내국인','50대','F',23
'2018-06-20','회원-내국인','50대','M',33
'2018-06-20','회원-내국인','60대','F',5
'2018-06-20','회원-내국인','60대','M',6
'2018-06-20','회원-내국인','70대~','',1131
'2018-06-20','회원-내국인','70대~','F',2
'2018-06-21','회원-내국인','70대~','',2828
'2018-06-22','회원-내국인','70대~','',3335
'2018-06-23','회원-내국인','70대~','',4526
'2018-06-24','회원-내국인','70대~','',4408
'2018-06-25','회원-내국인','70대~','',2684
'2018-06-26','회원-내국인','70대~','',635
'2018-06-27','회원-내국인','70대~','',2000
'2018-06-28','회원-내국인','70대~','',1238
'2018-06-29','회원-내국인','70대~','',2556
'2018-06-30','회원-내국인','70대~','',2094
'2018-07-01','회원-내국인','70대~','',689
'2018-07-02','회원-내국인','70대~','',528
'2018-07-02','회원-내국인','70대~','F',2
'2018-07-03','회원-내국인','70대~','',2254
'2018-07-04','회원-내국인','70대~','',2596
'2018-07-05','회원-내국인','70대~','',2250
'2018-07-06','회원-내국인','70대~','',3099
'2018-07-07','회원-내국인','70대~','',5428
'2018-07-08','회원-내국인','70대~','',5706
'2018-07-09','회원-내국인','70대~','',895
'2018-07-10','회원-내국인','70대~','',1347
'2018-07-11','회원-내국인','70대~','',1856
'2018-07-12','회원-내국인','70대~','',2372
'2018-07-13','회원-내국인','70대~','',2539
'2018-07-14','회원-내국인','70대~','',3446
'2018-07-15','회원-내국인','70대~','',2937
'2018-07-16','회원-내국인','70대~','',2161
'2018-07-17','회원-내국인','70대~','',2133
'2018-07-18','회원-내국인','70대~','',2123
'2018-07-19','회원-내국인','70대~','',2194
